,nta,c_Water System,Water System_count_overtime,Water System_unresolved_case,c_Sanitation Condition,Sanitation Condition_count_overtime,Sanitation Condition_unresolved_case,c_Air Quality,Air Quality_count_overtime,Air Quality_unresolved_case,c_Food Establishment,Food Establishment_count_overtime,Food Establishment_unresolved_case,Food Establishment_processing_time,Food Establishment_overtime,c_Indoor Air Quality,Indoor Air Quality_count_overtime,Indoor Air Quality_unresolved_case,Indoor Air Quality_processing_time,Indoor Air Quality_overtime,c_Smoking,Smoking_count_overtime,Smoking_unresolved_case,Smoking_processing_time,c_Dirty Conditions,Dirty Conditions_count_overtime,Dirty Conditions_unresolved_case,c_Food Poisoning,Food Poisoning_count_overtime,Food Poisoning_unresolved_case,Food Poisoning_processing_time,Food Poisoning_overtime,c_Asbestos,Asbestos_count_overtime,Asbestos_unresolved_case,c_Hazardous Materials,Hazardous Materials_count_overtime,Hazardous Materials_unresolved_case,c_Rodent,Rodent_count_overtime,Rodent_unresolved_case,Rodent_processing_time,Rodent_overtime,c_Water Quality,Water Quality_count_overtime,Water Quality_unresolved_case,c_Drinking,Drinking_count_overtime,Drinking_unresolved_case,Drinking_processing_time
0,BK09,36,0.0,0.0,14.0,0.0,0.0,15.0,0.0,0.0,10.0,8.0,1.0,60.77146267361111,-0.7718938078703703,4.0,2.0,0.0,31.50622685185185,-19.558807870370373,2.0,0.0,2.0,1.097679398148148,9.0,0.0,0.0,4.0,0.0,1.0,5.1530555555555555,,1.0,0.0,0.0,5.0,0.0,0.0,13.0,3.0,2.0,14.001043981481482,-5.49275462962963,2.0,0.0,0.0,,,,
1,BK17,155,0.0,2.0,57.0,0.0,0.0,9.0,0.0,0.0,12.0,8.0,4.0,60.56312355324074,-0.5632146990740741,15.0,4.0,4.0,63.99939583333334,-99.07068576388889,4.0,0.0,4.0,,94.0,0.0,0.0,6.0,0.0,4.0,8.432094907407407,,9.0,0.0,0.0,10.0,0.0,0.0,46.0,4.0,9.0,22.77047178130512,-135.96537615740738,5.0,0.0,0.0,,,,
2,BK19,58,0.0,0.0,31.0,0.0,0.0,13.0,0.0,0.0,9.0,5.0,4.0,50.93043016975309,-0.5771875000000001,11.0,0.0,3.0,11.52171730324074,,5.0,0.0,5.0,2.207866512345679,48.0,0.0,0.0,3.0,0.0,2.0,0.12446759259259259,,1.0,0.0,0.0,4.0,0.0,0.0,26.0,1.0,1.0,10.357777314814816,-50.13244212962963,2.0,0.0,0.0,1.0,0.0,0.0,0.03501157407407408
3,BK21,54,0.0,2.0,18.0,0.0,0.0,8.0,0.0,0.0,10.0,6.0,4.0,60.606072530864196,-0.6061226851851852,5.0,0.0,1.0,14.327462384259261,,2.0,0.0,2.0,0.7453067129629629,23.0,0.0,0.0,5.0,0.0,0.0,4.966267361111111,,4.0,1.0,0.0,9.0,0.0,0.0,14.0,5.0,1.0,16.860709876543208,-10.040810185185187,1.0,0.0,0.0,2.0,0.0,0.0,
4,BK23,10,0.0,0.0,,,,,,,2.0,1.0,1.0,60.63142361111111,-0.6314236111111111,4.0,1.0,0.0,11.574800347222222,-7.6178587962962965,1.0,0.0,1.0,,7.0,0.0,0.0,3.0,0.0,1.0,1.851238425925926,,4.0,1.0,0.0,2.0,0.0,1.0,3.0,1.0,0.0,19.786172839506175,-23.55424768518519,,,,,,,
5,BK25,45,0.0,1.0,65.0,0.0,0.0,5.0,0.0,0.0,8.0,7.0,1.0,60.58933201058202,-0.5898578042328043,2.0,1.0,0.0,37.887690972222224,-39.78704861111111,5.0,0.0,5.0,0.1419675925925926,70.0,0.0,0.0,,,,,,3.0,1.0,0.0,1.0,0.0,0.0,24.0,1.0,2.0,8.659428135521885,-10.326967592592593,1.0,0.0,0.0,,,,
6,BK26,41,0.0,0.0,30.0,0.0,0.0,7.0,0.0,0.0,6.0,3.0,3.0,60.65247685185185,-0.6524768518518518,6.0,1.0,2.0,49.29895447530864,-54.80337962962963,2.0,0.0,2.0,,25.0,0.0,0.0,,,,,,1.0,0.0,0.0,4.0,0.0,0.0,23.0,1.0,1.0,5.384984375,,,,,1.0,0.0,0.0,
7,BK27,48,0.0,1.0,36.0,0.0,0.0,5.0,0.0,0.0,6.0,3.0,3.0,60.556292438271605,-0.556292438271605,3.0,0.0,1.0,18.444635416666667,,2.0,0.0,2.0,,24.0,0.0,0.0,4.0,0.0,0.0,5.668596643518518,,2.0,0.0,0.0,3.0,0.0,0.0,11.0,1.0,3.0,11.162328960905349,-34.48494212962963,2.0,0.0,0.0,2.0,0.0,0.0,0.17565972222222223
8,BK28,99,0.0,5.0,88.0,0.0,0.0,17.0,0.0,0.0,16.0,12.0,3.0,58.89901353276354,-0.582062114197531,6.0,1.0,0.0,17.920828703703705,-29.8621875,2.0,0.0,2.0,,88.0,0.0,0.0,7.0,0.0,6.0,3.1737152777777777,,4.0,0.0,0.0,8.0,0.0,0.0,40.0,2.0,3.0,10.642405364923748,-52.29883101851852,3.0,0.0,0.0,2.0,0.0,0.0,0.06206018518518519
9,BK29,84,0.0,2.0,54.0,0.0,0.0,12.0,0.0,0.0,15.0,13.0,1.0,56.646474041005305,-0.6229104344729345,6.0,2.0,1.0,35.00677777777777,-40.989999999999995,10.0,0.0,10.0,0.9498784722222222,61.0,0.0,0.0,2.0,0.0,2.0,,,1.0,0.0,0.0,6.0,0.0,0.0,25.0,2.0,3.0,6.349291087962962,-3.4718287037037037,2.0,0.0,0.0,2.0,0.0,0.0,0.07496527777777778
10,BK30,53,0.0,3.0,40.0,0.0,0.0,1.0,0.0,0.0,5.0,4.0,1.0,60.60320891203704,-0.6032089120370371,,,,,,,,,,44.0,0.0,0.0,3.0,0.0,1.0,5.039710648148148,,1.0,0.0,0.0,3.0,0.0,0.0,23.0,0.0,7.0,6.892273253367003,,,,,1.0,0.0,0.0,0.1347337962962963
11,BK31,84,0.0,0.0,55.0,0.0,0.0,17.0,0.0,0.0,27.0,19.0,8.0,60.66006558641974,-0.6601613940329218,19.0,5.0,1.0,37.106946373456786,-52.484622685185194,3.0,0.0,3.0,0.4028935185185185,83.0,0.0,1.0,6.0,0.0,2.0,8.089479166666667,,5.0,1.0,3.0,9.0,0.0,1.0,25.0,2.0,3.0,10.916443383487653,-2.4471006944444444,8.0,0.0,0.0,6.0,1.0,0.0,0.15619212962962964
12,BK32,89,0.0,8.0,63.0,0.0,1.0,4.0,0.0,0.0,9.0,6.0,2.0,60.61781828703703,-0.6178182870370371,6.0,3.0,1.0,38.73832175925926,-18.025922067901238,2.0,0.0,2.0,,50.0,0.0,0.0,4.0,1.0,1.0,8.744857253086419,-2.0003125,3.0,0.0,2.0,10.0,0.0,0.0,19.0,1.0,3.0,12.811093409586057,-18.54042824074074,1.0,0.0,0.0,1.0,0.0,0.0,
13,BK33,89,0.0,1.0,50.0,0.0,0.0,36.0,0.0,0.0,18.0,11.0,5.0,51.675614316239304,-0.6390319865319866,10.0,3.0,0.0,43.92482291666667,-74.68105324074075,2.0,0.0,2.0,2.703472222222222,49.0,0.0,0.0,4.0,0.0,3.0,11.869560185185186,,10.0,0.0,3.0,19.0,0.0,0.0,28.0,9.0,1.0,21.1111125,-10.810333994708994,7.0,0.0,0.0,1.0,0.0,0.0,0.0508912037037037
14,BK34,92,0.0,5.0,45.0,0.0,0.0,5.0,0.0,0.0,17.0,12.0,5.0,60.58601466049384,-0.5862692901234569,8.0,3.0,0.0,35.770954861111115,-30.793094135802466,3.0,0.0,3.0,,71.0,0.0,0.0,5.0,0.0,2.0,7.109629629629629,,1.0,0.0,0.0,3.0,0.0,0.0,17.0,2.0,0.0,16.468381172839504,-46.451388888888886,,,,5.0,0.0,0.0,0.12505015432098765
15,BK35,117,0.0,14.0,87.0,0.0,1.0,14.0,0.0,0.0,16.0,7.0,9.0,51.89855489417989,-0.4674247685185186,8.0,0.0,0.0,15.761161747685183,,2.0,0.0,2.0,,124.0,0.0,0.0,2.0,0.0,0.0,8.011626157407408,,6.0,0.0,2.0,4.0,0.0,0.0,115.0,25.0,17.0,20.295969025573196,-38.853243496472665,2.0,0.0,0.0,2.0,0.0,0.0,0.1775578703703704
16,BK37,147,0.0,6.0,57.0,0.0,0.0,32.0,0.0,0.0,26.0,20.0,6.0,60.6718384502924,-0.6720869883040935,18.0,3.0,5.0,46.45894230769232,-99.95031635802468,3.0,0.0,3.0,,82.0,0.0,0.0,15.0,0.0,8.0,5.436101466049383,,9.0,0.0,1.0,13.0,0.0,0.0,78.0,9.0,9.0,13.424688506441221,-19.04922646604938,3.0,0.0,0.0,2.0,0.0,0.0,0.09199074074074073
17,BK38,75,0.0,3.0,47.0,0.0,0.0,8.0,0.0,0.0,35.0,29.0,6.0,60.66178999042146,-0.6619659961685824,12.0,2.0,2.0,29.515748842592597,-23.893761574074077,3.0,0.0,3.0,0.1896952160493827,87.0,0.0,0.0,15.0,0.0,6.0,3.1475270061728398,,5.0,0.0,0.0,6.0,0.0,0.0,56.0,13.0,9.0,12.742200551615444,-16.931865997942385,2.0,0.0,0.0,1.0,0.0,0.0,0.09094907407407408
18,BK40,38,0.0,1.0,11.0,0.0,0.0,8.0,0.0,0.0,3.0,1.0,1.0,60.856828703703705,-0.8568287037037037,5.0,2.0,1.0,60.288093171296296,-64.80087962962963,,,,,11.0,0.0,0.0,1.0,0.0,1.0,,,2.0,0.0,2.0,2.0,0.0,0.0,10.0,2.0,0.0,15.313758680555555,-8.584918981481481,,,,2.0,0.0,0.0,0.2767361111111111
19,BK41,29,0.0,1.0,50.0,0.0,0.0,4.0,0.0,0.0,11.0,7.0,3.0,53.37133391203703,-0.7237648809523811,8.0,1.0,2.0,16.91696759259259,-4.218657407407408,6.0,0.0,6.0,1.2795601851851852,29.0,0.0,0.0,3.0,0.0,2.0,2.622361111111111,,1.0,0.0,0.0,3.0,0.0,0.0,16.0,3.0,1.0,11.382348090277778,-4.506902006172839,2.0,0.0,0.0,1.0,0.0,0.0,0.047858796296296295
20,BK42,128,0.0,23.0,81.0,0.0,0.0,20.0,0.0,0.0,16.0,8.0,8.0,60.56117042824074,-0.5611704282407407,19.0,4.0,2.0,45.051678240740735,-95.30421874999999,5.0,0.0,5.0,4.070428240740741,98.0,0.0,0.0,11.0,0.0,7.0,6.6910648148148155,,5.0,1.0,0.0,6.0,0.0,0.0,49.0,3.0,6.0,11.414335497181963,-11.76304012345679,2.0,0.0,0.0,4.0,0.0,0.0,0.1483159722222222
21,BK43,488,0.0,79.0,341.0,0.0,0.0,25.0,0.0,0.0,21.0,15.0,5.0,55.55482510288065,-0.6026287615740741,8.0,1.0,1.0,22.72444444444444,-57.99429398148148,4.0,0.0,4.0,,322.0,0.0,0.0,16.0,1.0,7.0,5.061574074074074,,5.0,0.0,0.0,25.0,0.0,0.0,62.0,16.0,9.0,7.793564814814813,-5.706886574074074,2.0,0.0,0.0,3.0,1.0,0.0,0.3139351851851852
22,BK44,57,0.0,0.0,43.0,0.0,0.0,5.0,0.0,0.0,9.0,8.0,1.0,60.740096932870365,-0.7401822916666667,3.0,0.0,0.0,25.92832561728395,,4.0,0.0,4.0,,56.0,0.0,0.0,4.0,0.0,1.0,5.335081018518519,,,,,3.0,0.0,0.0,22.0,3.0,3.0,10.58723806042885,-8.24204861111111,3.0,0.0,0.0,3.0,0.0,0.0,0.08025077160493828
23,BK45,162,0.0,0.0,65.0,0.0,0.0,15.0,0.0,0.0,5.0,4.0,0.0,51.98905324074074,-0.6609403935185185,5.0,1.0,0.0,37.42455324074074,-83.06252314814814,2.0,0.0,2.0,,55.0,0.0,0.0,,,,,,3.0,0.0,0.0,12.0,0.0,0.0,22.0,1.0,1.0,13.59212780214425,-1.587974537037037,4.0,0.0,0.0,,,,
24,BK46,32,0.0,0.0,62.0,0.0,0.0,4.0,0.0,0.0,5.0,4.0,1.0,60.6719994212963,-0.6719994212962963,5.0,1.0,2.0,21.596739969135808,-6.493148148148149,2.0,0.0,2.0,,46.0,0.0,0.0,1.0,0.0,1.0,,,4.0,0.0,0.0,3.0,0.0,0.0,6.0,0.0,1.0,11.386068672839507,,3.0,0.0,0.0,,,,
25,BK50,124,0.0,8.0,108.0,0.0,0.0,4.0,0.0,0.0,4.0,3.0,1.0,60.731878858024686,-0.7334992283950617,6.0,0.0,1.0,16.976407407407407,,2.0,0.0,2.0,,108.0,0.0,0.0,2.0,0.0,1.0,0.7730555555555556,,2.0,1.0,0.0,3.0,0.0,0.0,41.0,2.0,5.0,13.408428893637229,-30.972974537037036,5.0,0.0,0.0,1.0,0.0,0.0,0.14645833333333333
26,BK58,101,0.0,3.0,94.0,0.0,1.0,11.0,0.0,0.0,9.0,7.0,2.0,60.70245535714286,-0.7024553571428571,3.0,0.0,2.0,17.49591435185185,,,,,,80.0,0.0,0.0,1.0,0.0,1.0,,,1.0,0.0,0.0,3.0,0.0,0.0,34.0,2.0,1.0,10.23490089699074,-3.826886574074074,2.0,0.0,0.0,1.0,0.0,0.0,0.20082175925925927
27,BK60,57,0.0,6.0,54.0,0.0,0.0,3.0,0.0,0.0,16.0,11.0,5.0,60.6205486111111,-0.6210231481481481,16.0,6.0,2.0,48.9901173941799,-64.35948495370371,1.0,0.0,1.0,,90.0,0.0,0.0,3.0,0.0,2.0,6.823321759259259,,7.0,0.0,2.0,6.0,0.0,0.0,62.0,15.0,6.0,18.012611228813558,-25.383882275132272,2.0,0.0,0.0,,,,
28,BK61,148,0.0,14.0,117.0,0.0,1.0,18.0,0.0,0.0,43.0,26.0,16.0,56.24798210470086,-1.7889430555555557,19.0,7.0,1.0,46.08273726851852,-46.85442294973545,4.0,0.0,4.0,,172.0,0.0,0.0,13.0,0.0,7.0,4.050621141975309,,16.0,1.0,1.0,4.0,0.0,0.0,195.0,26.0,35.0,17.142954184873073,-39.434667727623456,4.0,0.0,0.0,8.0,1.0,0.0,0.1857936507936508
29,BK63,39,0.0,2.0,37.0,0.0,1.0,3.0,0.0,0.0,2.0,2.0,0.0,60.56357638888889,-0.563576388888889,14.0,2.0,2.0,19.206522955246914,-17.707019675925928,4.0,0.0,4.0,0.9461574074074075,50.0,0.0,0.0,1.0,0.0,1.0,,,2.0,0.0,1.0,3.0,0.0,0.0,70.0,9.0,15.0,13.463194806134261,-32.70334656084656,2.0,0.0,0.0,1.0,0.0,0.0,0.22377314814814814
30,BK64,47,0.0,1.0,28.0,0.0,0.0,8.0,0.0,0.0,5.0,3.0,2.0,60.44940972222222,-0.4494097222222222,8.0,2.0,2.0,25.061444830246913,-6.834565972222222,1.0,0.0,1.0,,21.0,0.0,0.0,2.0,0.0,1.0,,,1.0,0.0,0.0,3.0,0.0,0.0,16.0,1.0,4.0,6.878655092592593,-1.7111689814814814,,,,,,,
31,BK68,57,0.0,0.0,23.0,0.0,0.0,9.0,0.0,0.0,12.0,9.0,3.0,60.66756944444445,-0.6681148726851851,7.0,2.0,0.0,41.90870701058201,-73.1784375,1.0,0.0,1.0,0.7426273148148149,32.0,0.0,0.0,6.0,0.0,2.0,7.504529320987654,,1.0,0.0,0.0,2.0,0.0,0.0,35.0,4.0,2.0,14.823231406810036,-17.21744984567901,,,,2.0,0.0,0.0,0.07119212962962963
32,BK69,79,0.0,3.0,71.0,0.0,0.0,20.0,0.0,0.0,20.0,16.0,4.0,60.5228125,-0.5228110532407408,14.0,3.0,0.0,26.656703042328044,-43.585829475308635,2.0,0.0,2.0,0.05890046296296296,80.0,0.0,0.0,4.0,0.0,3.0,2.9067708333333337,,11.0,1.0,2.0,7.0,0.0,0.0,71.0,7.0,16.0,15.136424171146952,-38.2110763888889,3.0,0.0,0.0,1.0,0.0,0.0,
33,BK72,20,0.0,4.0,19.0,0.0,0.0,3.0,0.0,0.0,2.0,2.0,0.0,60.94745949074074,-0.9474594907407408,1.0,0.0,1.0,,,2.0,0.0,2.0,,18.0,0.0,0.0,2.0,0.0,1.0,,,,,,4.0,0.0,0.0,5.0,1.0,0.0,45.88529166666667,-164.3277199074074,,,,,,,
34,BK73,162,0.0,39.0,55.0,0.0,0.0,26.0,0.0,0.0,19.0,15.0,4.0,60.68863425925926,-0.6888541666666668,6.0,2.0,1.0,39.0417037037037,-40.97157986111111,9.0,0.0,9.0,1.6692476851851854,88.0,0.0,0.0,9.0,0.0,6.0,2.9165509259259257,,12.0,0.0,1.0,7.0,0.0,0.0,37.0,6.0,5.0,17.92340347923681,-60.878307291666665,,,,3.0,0.0,0.0,0.1317361111111111
35,BK75,124,0.0,9.0,97.0,0.0,0.0,17.0,0.0,0.0,17.0,13.0,3.0,57.42743964947089,-0.5984579772079772,11.0,3.0,2.0,28.126435185185183,-17.31585648148148,7.0,0.0,7.0,,104.0,0.0,0.0,4.0,0.0,3.0,0.6357638888888889,,4.0,1.0,1.0,7.0,0.0,0.0,116.0,13.0,9.0,14.798833401416124,-22.353098958333334,3.0,0.0,0.0,2.0,0.0,0.0,0.10298032407407409
36,BK76,56,0.0,3.0,41.0,0.0,0.0,23.0,0.0,0.0,8.0,5.0,3.0,60.70407986111111,-0.7040798611111111,12.0,2.0,0.0,25.621225887345677,-21.879716435185188,5.0,0.0,5.0,1.8629976851851853,43.0,0.0,0.0,3.0,0.0,1.0,6.791493055555556,,4.0,0.0,1.0,17.0,0.0,0.0,52.0,18.0,9.0,34.06066098027375,-51.61865400326798,2.0,0.0,0.0,9.0,0.0,0.0,0.17725694444444445
37,BK77,213,0.0,37.0,46.0,0.0,0.0,14.0,0.0,0.0,10.0,8.0,2.0,60.511859085648155,-0.5118590856481482,13.0,0.0,1.0,9.898278935185186,,2.0,0.0,2.0,0.4996238425925926,50.0,0.0,0.0,5.0,0.0,2.0,2.682199074074074,,5.0,0.0,2.0,4.0,0.0,0.0,123.0,21.0,29.0,17.710605850168353,-28.899415813840154,1.0,0.0,0.0,2.0,1.0,0.0,0.1922685185185185
38,BK78,196,0.0,20.0,72.0,0.0,0.0,13.0,0.0,0.0,19.0,14.0,3.0,53.11867901234568,-0.6755493233618234,12.0,1.0,1.0,24.45265046296296,-24.126655092592596,4.0,0.0,4.0,,115.0,0.0,0.0,2.0,0.0,2.0,,,6.0,0.0,1.0,9.0,0.0,0.0,142.0,21.0,22.0,18.288892989938763,-40.800197368421045,4.0,0.0,0.0,5.0,0.0,0.0,0.10974305555555555
39,BK79,75,0.0,5.0,56.0,0.0,0.0,6.0,0.0,0.0,1.0,1.0,0.0,60.63197916666667,-0.6319791666666666,9.0,2.0,3.0,57.599463734567905,-91.77760416666666,,,,,87.0,0.0,0.0,2.0,0.0,0.0,,,2.0,0.0,0.0,2.0,0.0,0.0,65.0,6.0,8.0,11.085141734972678,-15.949918981481483,,,,,,,
40,BK81,69,0.0,5.0,57.0,0.0,0.0,7.0,0.0,0.0,7.0,5.0,1.0,50.64662615740741,-0.5669305555555556,8.0,2.0,0.0,32.816562499999996,-54.68774305555556,3.0,0.0,3.0,,54.0,0.0,0.0,3.0,0.0,1.0,0.18645833333333334,,,,,4.0,0.0,0.0,51.0,7.0,5.0,15.559219422911285,-34.1327662037037,,,,,,,
41,BK82,215,0.0,38.0,169.0,0.0,1.0,6.0,0.0,0.0,22.0,12.0,9.0,57.16414886039887,-3.2395399305555554,7.0,2.0,1.0,24.774510030864196,-4.103582175925927,,,,,158.0,0.0,0.0,9.0,0.0,6.0,3.45509837962963,,3.0,0.0,1.0,10.0,0.0,0.0,80.0,12.0,11.0,15.969090009393454,-32.47700462962963,1.0,0.0,0.0,3.0,0.0,0.0,0.10743441358024691
42,BK83,198,0.0,38.0,44.0,0.0,0.0,8.0,0.0,0.0,10.0,7.0,3.0,60.802237103174605,-0.8022371031746032,2.0,1.0,0.0,19.212644675925926,-4.457349537037037,2.0,0.0,2.0,,50.0,0.0,0.0,7.0,0.0,5.0,2.4766550925925928,,1.0,0.0,0.0,2.0,0.0,0.0,30.0,3.0,0.0,15.76141243614304,-33.03011959876544,1.0,0.0,0.0,4.0,1.0,0.0,0.44563657407407403
43,BK85,60,0.0,6.0,27.0,0.0,0.0,1.0,0.0,0.0,4.0,3.0,0.0,47.27489583333333,-0.7160108024691358,5.0,1.0,0.0,53.33962268518519,-157.02099537037037,,,,,46.0,0.0,0.0,1.0,0.0,1.0,,,1.0,0.0,0.0,4.0,0.0,0.0,35.0,4.0,3.0,12.865315755208334,-28.42159722222222,,,,2.0,0.0,0.0,0.07171296296296296
44,BK88,126,0.0,7.0,152.0,0.0,1.0,13.0,0.0,0.0,8.0,4.0,3.0,49.30260879629629,-0.5401012731481482,6.0,1.0,1.0,25.689729166666666,-9.98017361111111,2.0,0.0,2.0,,61.0,0.0,0.0,6.0,0.0,1.0,4.511634259259258,,6.0,2.0,0.0,5.0,0.0,0.0,31.0,2.0,4.0,12.637951834045584,-10.723292824074074,4.0,0.0,0.0,1.0,0.0,0.0,
45,BK90,77,0.0,5.0,53.0,0.0,0.0,19.0,0.0,0.0,11.0,10.0,1.0,60.62034027777778,-0.6203391203703703,8.0,1.0,1.0,21.673280423280428,-25.646296296296295,5.0,0.0,5.0,,46.0,0.0,0.0,2.0,0.0,0.0,5.057418981481481,,1.0,0.0,0.0,3.0,0.0,0.0,38.0,11.0,8.0,21.297929526748973,-55.714516203703695,1.0,0.0,0.0,6.0,0.0,0.0,0.05686342592592593
46,BK91,70,0.0,0.0,68.0,0.0,0.0,6.0,0.0,0.0,3.0,2.0,1.0,60.66581597222222,-0.6658159722222222,5.0,1.0,0.0,36.89485243055555,-55.93849537037037,2.0,0.0,2.0,,70.0,0.0,0.0,1.0,0.0,1.0,,,1.0,0.0,0.0,2.0,0.0,0.0,45.0,5.0,1.0,15.128993620144534,-35.611046296296294,,,,,,,
47,BK93,3,0.0,0.0,,,,,,,1.0,1.0,0.0,60.641527777777775,-0.6415277777777778,2.0,0.0,0.0,9.443061342592593,,,,,,,,,,,,,,,,,2.0,0.0,0.0,2.0,0.0,1.0,2.6238020833333335,,,,,,,,
48,BK95,37,0.0,9.0,53.0,0.0,0.0,3.0,0.0,0.0,4.0,3.0,1.0,60.557665895061724,-0.5576658950617284,4.0,2.0,0.0,46.647019675925925,-55.84110532407407,3.0,0.0,3.0,,60.0,0.0,1.0,2.0,0.0,2.0,,,2.0,0.0,0.0,4.0,0.0,0.0,39.0,2.0,4.0,9.939696699905031,-23.372656250000002,,,,2.0,1.0,0.0,0.7297685185185186
49,BK96,58,0.0,5.0,73.0,0.0,2.0,8.0,0.0,0.0,4.0,2.0,2.0,60.634479166666665,-0.6344791666666667,9.0,3.0,0.0,41.2624151234568,-59.099209104938275,1.0,0.0,1.0,0.23376157407407408,73.0,0.0,0.0,4.0,0.0,1.0,,,,,,2.0,0.0,0.0,69.0,7.0,12.0,11.94237195032334,-23.446631944444448,3.0,0.0,0.0,4.0,1.0,0.0,0.22975694444444444
50,BX01,35,0.0,2.0,17.0,0.0,0.0,1.0,0.0,0.0,5.0,3.0,2.0,60.580115740740744,-0.580505401234568,3.0,0.0,0.0,6.8261574074074085,,,,,,16.0,0.0,0.0,2.0,0.0,1.0,7.006168981481482,,,,,1.0,0.0,0.0,27.0,2.0,8.0,4.927056944444444,-4.408854166666667,2.0,0.0,0.0,2.0,0.0,0.0,0.2654340277777778
51,BX03,59,0.0,10.0,44.0,0.0,0.0,1.0,0.0,0.0,3.0,3.0,0.0,60.54893904320988,-0.5489390432098765,2.0,0.0,1.0,24.86349537037037,,1.0,0.0,1.0,,45.0,0.0,0.0,1.0,0.0,1.0,,,5.0,0.0,1.0,,,,26.0,0.0,1.0,9.417148148148147,,1.0,0.0,0.0,,,,
52,BX05,120,0.0,30.0,28.0,0.0,0.0,13.0,0.0,0.0,8.0,4.0,4.0,60.642612847222225,-0.6426128472222222,5.0,2.0,0.0,80.57205787037039,-145.9744675925926,4.0,0.0,4.0,0.5892013888888888,37.0,0.0,0.0,3.0,0.0,2.0,,,3.0,0.0,0.0,4.0,0.0,0.0,67.0,0.0,26.0,3.7396633873456797,,2.0,0.0,0.0,5.0,0.0,0.0,0.14161747685185186
53,BX06,61,0.0,10.0,15.0,0.0,0.0,8.0,0.0,0.0,10.0,6.0,3.0,52.939562114197535,-0.5513564814814815,2.0,0.0,0.0,21.039369212962963,,5.0,0.0,5.0,,17.0,0.0,0.0,1.0,0.0,0.0,8.164699074074074,,2.0,0.0,0.0,2.0,0.0,0.0,45.0,0.0,16.0,1.8667641782407407,,,,,,,,
54,BX07,39,0.0,4.0,21.0,0.0,0.0,3.0,0.0,0.0,5.0,3.0,2.0,60.222943672839506,-0.2229436728395062,5.0,1.0,0.0,51.997840277777776,-160.71918981481483,5.0,0.0,5.0,,36.0,0.0,0.0,1.0,0.0,1.0,,,,,,1.0,0.0,0.0,42.0,1.0,14.0,7.053211805555556,-1.2360648148148148,1.0,0.0,0.0,2.0,0.0,0.0,0.20874421296296297
55,BX08,113,0.0,26.0,14.0,0.0,0.0,7.0,0.0,0.0,3.0,0.0,3.0,,,1.0,0.0,0.0,7.7744328703703705,,1.0,0.0,1.0,,29.0,0.0,0.0,1.0,0.0,0.0,12.2125,,4.0,0.0,0.0,,,,30.0,1.0,4.0,18.063196040868448,-313.4059837962963,,,,,,,
56,BX09,64,0.0,11.0,26.0,0.0,0.0,,,,7.0,6.0,1.0,60.502893518518526,-0.5029783950617284,6.0,0.0,0.0,11.642845293209879,,,,,,39.0,0.0,0.0,3.0,0.0,1.0,0.1947222222222222,,2.0,0.0,0.0,,,,32.0,2.0,4.0,10.01438404224537,-3.483391203703704,2.0,0.0,0.0,2.0,0.0,0.0,0.2704976851851852
57,BX10,34,0.0,1.0,28.0,0.0,0.0,11.0,0.0,0.0,8.0,2.0,3.0,29.830199074074073,-0.43953703703703706,4.0,0.0,1.0,19.851952160493827,,3.0,0.0,3.0,,94.0,0.0,0.0,,,,,,1.0,0.0,0.0,8.0,0.0,0.0,86.0,3.0,22.0,5.679014136904763,-2.614768518518519,,,,3.0,0.0,0.0,0.017469135802469133
58,BX13,23,0.0,1.0,26.0,0.0,0.0,2.0,0.0,0.0,5.0,5.0,0.0,60.7301412037037,-0.7301365740740741,5.0,2.0,0.0,75.83184490740742,-118.47287037037037,2.0,0.0,2.0,,16.0,0.0,0.0,4.0,0.0,2.0,4.574097222222222,,3.0,0.0,1.0,2.0,0.0,0.0,11.0,0.0,0.0,8.875,,2.0,0.0,0.0,,,,
59,BX14,163,0.0,28.0,19.0,0.0,0.0,9.0,0.0,0.0,7.0,6.0,1.0,60.6422087191358,-0.6422067901234568,10.0,1.0,4.0,21.764211033950616,-15.931863425925926,1.0,0.0,1.0,2.3421527777777778,32.0,0.0,0.0,3.0,1.0,1.0,7.089797453703704,-0.12770833333333334,5.0,0.0,1.0,,,,79.0,2.0,31.0,4.465314750514402,-4.825601851851852,1.0,0.0,0.0,4.0,1.0,0.0,0.2459027777777778
60,BX17,103,0.0,14.0,23.0,0.0,0.0,6.0,0.0,0.0,4.0,2.0,2.0,60.56892939814815,-0.5689293981481482,9.0,2.0,1.0,41.57597366898148,-81.43401620370369,1.0,0.0,1.0,,25.0,0.0,0.0,1.0,0.0,1.0,,,3.0,0.0,0.0,2.0,0.0,0.0,64.0,3.0,22.0,5.501538418458782,-5.092611882716049,2.0,0.0,0.0,3.0,1.0,0.0,0.26809413580246916
61,BX22,44,0.0,0.0,19.0,0.0,0.0,5.0,0.0,0.0,1.0,0.0,1.0,,,4.0,1.0,1.0,33.2466975308642,-41.88659722222222,1.0,0.0,1.0,,22.0,0.0,0.0,4.0,0.0,1.0,4.093699845679012,,,,,1.0,0.0,0.0,9.0,1.0,0.0,14.196154100529101,,3.0,0.0,0.0,,,,
62,BX26,191,0.0,83.0,18.0,0.0,0.0,6.0,0.0,0.0,4.0,4.0,0.0,60.60515914351852,-0.6051591435185185,2.0,1.0,0.0,86.82902777777778,-41.829027777777775,1.0,0.0,1.0,,20.0,0.0,0.0,1.0,0.0,1.0,,,,,,2.0,0.0,0.0,38.0,2.0,11.0,9.987574588477365,-13.97785300925926,2.0,0.0,0.0,,,,
63,BX27,79,0.0,14.0,27.0,0.0,0.0,3.0,0.0,0.0,3.0,1.0,1.0,60.66820601851852,-0.6682060185185185,4.0,2.0,1.0,35.50903935185185,-9.915439814814814,1.0,0.0,1.0,,29.0,0.0,0.0,3.0,0.0,3.0,,,2.0,0.0,0.0,5.0,0.0,0.0,37.0,1.0,11.0,7.521295653292179,-1.8466203703703703,,,,,,,
64,BX28,116,0.0,18.0,10.0,0.0,0.0,8.0,0.0,0.0,10.0,4.0,3.0,35.73808531746032,-0.6973379629629629,10.0,2.0,3.0,28.575066137566143,-22.63398148148148,3.0,0.0,3.0,,32.0,0.0,0.0,3.0,0.0,1.0,4.741371527777778,,3.0,1.0,0.0,,,,42.0,2.0,15.0,12.131993708452042,-69.67340277777778,3.0,0.0,0.0,,,,
65,BX29,60,0.0,3.0,15.0,0.0,0.0,6.0,0.0,0.0,7.0,3.0,2.0,36.68944444444445,-0.6483294753086419,6.0,1.0,1.0,36.51978472222223,-88.86822916666668,3.0,0.0,3.0,,27.0,0.0,0.0,8.0,0.0,4.0,2.1481655092592593,,3.0,0.0,0.0,4.0,0.0,0.0,24.0,1.0,4.0,8.41819508744856,,,,,,,,
66,BX30,99,0.0,17.0,6.0,0.0,0.0,3.0,0.0,0.0,3.0,2.0,1.0,60.68392361111111,-0.6839236111111111,2.0,1.0,0.0,29.433200231481486,-15.14167824074074,2.0,0.0,2.0,,30.0,0.0,0.0,5.0,0.0,5.0,,,,,,2.0,0.0,0.0,20.0,0.0,7.0,7.297311769005848,,,,,3.0,0.0,0.0,0.08970293209876544
67,BX31,78,0.0,6.0,26.0,0.0,0.0,2.0,0.0,0.0,4.0,4.0,0.0,60.58745370370371,-0.5874537037037038,1.0,0.0,1.0,,,1.0,0.0,1.0,,39.0,0.0,0.0,4.0,0.0,1.0,2.8258159722222222,,,,,1.0,0.0,0.0,26.0,0.0,4.0,7.345279166666668,,2.0,0.0,0.0,,,,
68,BX33,28,0.0,1.0,10.0,0.0,0.0,2.0,0.0,0.0,3.0,1.0,1.0,35.54026041666667,-0.4337962962962963,2.0,0.0,0.0,9.007210648148149,,1.0,0.0,1.0,,22.0,0.0,0.0,3.0,0.0,2.0,1.9025925925925926,,,,,,,,33.0,0.0,6.0,5.126259765625,,,,,2.0,0.0,0.0,0.08554976851851852
69,BX34,49,0.0,3.0,18.0,0.0,0.0,,,,7.0,4.0,3.0,60.582190393518516,-0.5826128472222222,3.0,2.0,0.0,59.723487654320984,-35.977031249999996,3.0,0.0,3.0,,15.0,0.0,0.0,7.0,0.0,3.0,1.4155034722222222,,2.0,0.0,0.0,3.0,0.0,0.0,34.0,0.0,8.0,7.724665845280765,,1.0,0.0,0.0,2.0,1.0,0.0,0.33695601851851853
70,BX35,64,0.0,12.0,23.0,0.0,0.0,8.0,0.0,0.0,5.0,3.0,2.0,60.47554012345679,-0.4757600308641976,3.0,0.0,0.0,24.022345679012346,,1.0,0.0,1.0,,37.0,0.0,0.0,3.0,0.0,0.0,1.6103703703703702,,1.0,0.0,0.0,3.0,0.0,0.0,55.0,2.0,13.0,6.639585185185186,-19.06761574074074,2.0,0.0,0.0,6.0,1.0,0.0,0.12056520061728394
71,BX36,193,0.0,33.0,18.0,0.0,0.0,5.0,0.0,0.0,4.0,3.0,1.0,60.651790123456784,-0.6517901234567902,5.0,2.0,0.0,65.29250925925926,-96.7354513888889,4.0,0.0,4.0,0.19595679012345676,27.0,0.0,0.0,1.0,1.0,0.0,14.821956018518518,-0.8219560185185185,2.0,0.0,0.0,2.0,0.0,0.0,45.0,0.0,12.0,5.9884706993177375,,,,,2.0,2.0,0.0,0.4390277777777778
72,BX37,71,0.0,7.0,36.0,0.0,0.0,4.0,0.0,0.0,11.0,8.0,3.0,60.675831886574066,-0.6758318865740741,6.0,1.0,1.0,29.11026388888889,-16.9515625,1.0,0.0,1.0,,75.0,0.0,0.0,3.0,0.0,2.0,0.06898148148148148,,2.0,0.0,0.0,2.0,0.0,0.0,43.0,0.0,2.0,7.489530804843307,,,,,,,,
73,BX39,109,0.0,11.0,35.0,0.0,1.0,8.0,0.0,0.0,15.0,11.0,3.0,55.599888117283946,-0.5696127946127946,7.0,1.0,0.0,17.983201058201058,-29.13925925925926,2.0,0.0,2.0,1.0755671296296296,29.0,0.0,0.0,2.0,0.0,1.0,5.787465277777779,,1.0,0.0,0.0,4.0,0.0,0.0,32.0,1.0,7.0,8.754638117283951,-5.477835648148149,5.0,0.0,0.0,1.0,0.0,0.0,0.07377314814814814
74,BX40,57,0.0,10.0,9.0,0.0,0.0,1.0,0.0,0.0,2.0,1.0,1.0,60.48400462962963,-0.48400462962962965,5.0,1.0,0.0,29.152789351851858,-45.61781250000001,4.0,0.0,4.0,,17.0,0.0,0.0,,,,,,1.0,0.0,0.0,,,,44.0,0.0,25.0,3.623367208672087,,,,,4.0,1.0,0.0,0.1425752314814815
75,BX41,153,0.0,21.0,18.0,0.0,0.0,13.0,0.0,0.0,6.0,3.0,3.0,60.71907021604938,-0.7190625,4.0,2.0,1.0,114.53078703703704,-115.47006944444445,3.0,0.0,3.0,0.46942129629629625,33.0,0.0,0.0,4.0,0.0,2.0,1.093599537037037,,1.0,0.0,0.0,1.0,0.0,0.0,50.0,1.0,17.0,5.828853935185185,-12.088854166666668,1.0,0.0,0.0,5.0,0.0,0.0,0.05615162037037037
76,BX43,127,0.0,22.0,18.0,0.0,0.0,4.0,0.0,0.0,6.0,4.0,1.0,49.4480787037037,-0.566869212962963,12.0,6.0,0.0,40.13570698302469,-26.56577353395062,2.0,0.0,2.0,0.5609837962962962,44.0,0.0,0.0,3.0,0.0,2.0,5.8057291666666675,,3.0,0.0,2.0,1.0,0.0,0.0,48.0,1.0,20.0,6.121897163120567,-50.989884259259256,3.0,0.0,0.0,1.0,0.0,0.0,
77,BX44,127,0.0,13.0,56.0,0.0,0.0,3.0,0.0,0.0,8.0,4.0,3.0,50.960398148148144,-0.7032233796296297,7.0,3.0,0.0,71.66593088624339,-100.8714699074074,,,,,106.0,0.0,1.0,3.0,0.0,1.0,7.393304398148148,,4.0,0.0,0.0,5.0,0.0,0.0,57.0,1.0,7.0,8.97117433984911,-2.414837962962963,1.0,0.0,0.0,2.0,0.0,0.0,0.017488425925925925
78,BX46,11,0.0,0.0,,,,,,,2.0,1.0,1.0,60.58607638888889,-0.5860763888888889,5.0,1.0,0.0,41.02342592592593,-97.83023148148148,1.0,0.0,1.0,,6.0,0.0,0.0,3.0,0.0,1.0,8.119739583333333,,2.0,2.0,0.0,,,,6.0,1.0,1.0,17.065668402777778,-7.794837962962963,2.0,0.0,0.0,,,,
79,BX49,53,0.0,7.0,22.0,0.0,0.0,5.0,0.0,0.0,18.0,8.0,10.0,60.893755787037044,-0.8941999421296297,9.0,1.0,0.0,21.790574845679014,-10.765995370370371,4.0,0.0,4.0,0.062453703703703706,28.0,0.0,0.0,2.0,0.0,1.0,0.028912037037037038,,3.0,0.0,0.0,1.0,0.0,0.0,32.0,0.0,11.0,5.366640158303465,,,,,2.0,0.0,0.0,0.23956018518518518
80,BX52,69,0.0,2.0,37.0,0.0,0.0,5.0,0.0,0.0,6.0,4.0,2.0,60.46592978395062,-0.46900462962962974,1.0,0.0,0.0,15.821539351851852,,1.0,0.0,1.0,,94.0,0.0,1.0,2.0,0.0,1.0,1.7770833333333333,,3.0,0.0,0.0,4.0,0.0,0.0,37.0,1.0,8.0,9.32105753968254,-21.23630787037037,,,,,,,
81,BX55,96,0.0,20.0,10.0,0.0,0.0,4.0,0.0,0.0,4.0,3.0,1.0,60.64339506172839,-0.6433950617283951,4.0,2.0,1.0,101.06303240740742,-99.82630208333333,8.0,0.0,8.0,,52.0,0.0,0.0,3.0,0.0,1.0,2.1421875,,,,,,,,40.0,0.0,7.0,5.732398207502374,,2.0,0.0,0.0,3.0,3.0,0.0,0.4376967592592593
82,BX59,38,0.0,3.0,27.0,0.0,0.0,6.0,0.0,0.0,8.0,6.0,0.0,45.522065972222215,-0.6569926697530865,5.0,1.0,0.0,29.70384027777778,-71.20184027777778,3.0,0.0,3.0,,40.0,0.0,0.0,1.0,0.0,1.0,,,1.0,0.0,0.0,3.0,0.0,0.0,24.0,3.0,6.0,11.181714015151517,-11.497380401234567,1.0,0.0,0.0,,,,
83,BX62,133,0.0,10.0,57.0,0.0,0.0,9.0,0.0,0.0,6.0,2.0,4.0,60.59356481481481,-0.5935648148148148,4.0,2.0,1.0,61.70271604938271,-54.616458333333334,3.0,0.0,3.0,0.20928240740740742,65.0,0.0,0.0,4.0,0.0,2.0,1.8913483796296295,,5.0,0.0,2.0,3.0,0.0,0.0,25.0,0.0,6.0,6.420805976430975,,,,,2.0,0.0,0.0,0.08740740740740742
84,BX63,94,0.0,14.0,9.0,0.0,0.0,6.0,0.0,0.0,8.0,8.0,0.0,60.52187934027778,-0.5220254629629629,7.0,0.0,1.0,21.319376929012346,,3.0,0.0,3.0,,24.0,0.0,0.0,5.0,0.0,3.0,6.030601851851853,,2.0,0.0,0.0,,,,47.0,3.0,12.0,12.61713642310789,-49.07971450617285,1.0,0.0,0.0,5.0,0.0,0.0,0.04081481481481482
85,BX75,59,0.0,8.0,15.0,0.0,0.0,,,,4.0,4.0,0.0,60.501875,-0.5024739583333333,5.0,0.0,0.0,22.166520833333333,,,,,,16.0,0.0,0.0,,,,,,3.0,1.0,0.0,1.0,0.0,0.0,24.0,5.0,2.0,17.298712866512346,-12.567775462962961,1.0,0.0,0.0,,,,
86,MN01,147,0.0,39.0,12.0,0.0,0.0,15.0,0.0,0.0,22.0,11.0,10.0,57.1233738425926,-0.7006734006734008,3.0,0.0,0.0,21.359918981481485,,4.0,0.0,4.0,4.662876157407408,47.0,0.0,0.0,2.0,0.0,1.0,0.01511574074074074,,5.0,0.0,1.0,3.0,0.0,0.0,63.0,2.0,18.0,12.678000478927206,-205.87033564814817,2.0,0.0,0.0,4.0,0.0,0.0,0.07754050925925926
87,MN03,117,0.0,11.0,29.0,0.0,0.0,14.0,0.0,0.0,16.0,13.0,2.0,63.47175836894587,-5.2412811609686605,30.0,4.0,6.0,25.76684076003087,-43.55285879629629,4.0,0.0,4.0,0.8309837962962963,88.0,0.0,0.0,9.0,0.0,7.0,6.637337962962963,,3.0,0.0,0.0,4.0,0.0,0.0,101.0,8.0,22.0,10.498267459613867,-12.1093039021164,5.0,0.0,0.0,1.0,0.0,0.0,0.03666666666666667
88,MN04,186,0.0,32.0,20.0,0.0,0.0,17.0,0.0,0.0,10.0,7.0,2.0,53.682327835648145,-0.6141038359788359,40.0,4.0,20.0,18.093734375000004,-6.2037557870370375,9.0,0.0,9.0,1.0502488425925927,47.0,0.0,0.0,2.0,0.0,2.0,,,8.0,0.0,0.0,3.0,0.0,0.0,79.0,1.0,21.0,7.320085185185185,-0.5334027777777778,4.0,0.0,0.0,2.0,0.0,0.0,0.16358796296296296
89,MN06,71,0.0,13.0,9.0,0.0,0.0,7.0,0.0,0.0,11.0,10.0,0.0,56.326887626262625,-0.3491215277777778,6.0,1.0,1.0,15.344484953703704,,5.0,0.0,5.0,,9.0,0.0,0.0,,,,,,,,,2.0,0.0,0.0,34.0,1.0,14.0,5.070270447530865,-3.4645949074074074,,,,3.0,0.0,0.0,0.08726851851851852
90,MN09,44,0.0,6.0,12.0,0.0,0.0,28.0,0.0,0.0,17.0,9.0,7.0,56.93508912037038,-0.592278806584362,10.0,1.0,2.0,22.82013310185185,-53.652453703703706,2.0,0.0,2.0,,35.0,0.0,0.0,6.0,0.0,5.0,,,3.0,0.0,0.0,2.0,0.0,0.0,80.0,4.0,38.0,5.797938046553497,-11.331921296296295,1.0,0.0,0.0,2.0,0.0,0.0,0.03901041666666667
91,MN11,110,0.0,11.0,31.0,0.0,0.0,14.0,0.0,0.0,24.0,19.0,4.0,57.59922880116959,-0.5633641975308643,21.0,3.0,9.0,33.862160493827155,-53.70643518518518,2.0,0.0,2.0,0.5837847222222222,70.0,0.0,0.0,8.0,0.0,6.0,6.989398148148148,,7.0,0.0,0.0,3.0,0.0,0.0,78.0,2.0,19.0,10.797638888888887,-126.33373842592593,1.0,0.0,0.0,3.0,1.0,0.0,0.2593402777777778
92,MN12,126,0.0,4.0,38.0,0.0,0.0,110.0,0.0,0.0,40.0,32.0,6.0,55.946936026936015,-0.7496815262843489,37.0,4.0,5.0,20.139145688657408,-18.015613425925928,7.0,0.0,7.0,,82.0,0.0,0.0,24.0,0.0,13.0,5.94599681712963,,25.0,2.0,1.0,9.0,0.0,0.0,150.0,12.0,44.0,7.559735152633102,-6.855739583333334,14.0,0.0,0.0,,,,
93,MN13,171,0.0,7.0,55.0,0.0,0.0,69.0,0.0,0.0,83.0,63.0,19.0,60.60815412808645,-0.9431680169753086,29.0,3.0,9.0,19.401829861111114,-19.645578703703706,7.0,0.0,7.0,,98.0,0.0,0.0,50.0,0.0,22.0,3.602577495974235,,14.0,0.0,1.0,13.0,0.0,1.0,42.0,6.0,1.0,17.430660011574073,-17.275840277777778,3.0,0.0,0.0,8.0,0.0,0.0,0.04541898148148148
94,MN14,63,0.0,0.0,11.0,0.0,0.0,38.0,0.0,0.0,22.0,19.0,3.0,60.659857253086415,-0.6598559670781892,23.0,5.0,5.0,39.398701774691354,-52.11015277777777,4.0,0.0,4.0,2.0552430555555556,30.0,0.0,0.0,13.0,0.0,8.0,2.384324074074074,,9.0,0.0,1.0,14.0,0.0,1.0,45.0,6.0,9.0,10.73091885288066,-14.027366898148147,3.0,0.0,0.0,,,,
95,MN15,92,0.0,2.0,52.0,0.0,0.0,37.0,0.0,0.0,47.0,34.0,13.0,60.60031069155093,-1.164071180555556,25.0,7.0,2.0,26.8696069847021,-18.658308531746034,3.0,0.0,3.0,,58.0,0.0,0.0,21.0,0.0,13.0,5.612041997354497,,10.0,0.0,1.0,10.0,0.0,0.0,61.0,2.0,11.0,7.532533068783066,-5.316377314814815,4.0,0.0,0.0,9.0,0.0,0.0,0.05778501157407408
96,MN17,236,0.0,2.0,21.0,0.0,0.0,62.0,0.0,0.0,101.0,63.0,37.0,58.781240415219905,-0.63868578255675,37.0,8.0,7.0,33.76438425925926,-55.561394675925925,22.0,0.0,22.0,0.19392361111111112,47.0,0.0,0.0,44.0,1.0,25.0,4.230709325396826,-5.222060185185185,15.0,0.0,1.0,20.0,0.0,0.0,32.0,4.0,2.0,12.047999889770722,-10.046631944444444,3.0,0.0,0.0,2.0,0.0,0.0,0.16998842592592595
97,MN19,119,0.0,4.0,19.0,0.0,0.0,38.0,0.0,0.0,40.0,34.0,6.0,60.67349151234566,-0.6736675785634119,7.0,1.0,0.0,14.204728835978838,-1.9203819444444445,16.0,0.0,16.0,0.20570601851851852,31.0,0.0,0.0,16.0,0.0,11.0,5.378393518518519,,5.0,0.0,1.0,8.0,0.0,1.0,27.0,2.0,1.0,9.022184480676328,-5.2559375,1.0,0.0,0.0,5.0,0.0,0.0,0.10569444444444444
98,MN20,84,0.0,3.0,24.0,0.0,0.0,22.0,0.0,0.0,35.0,25.0,9.0,58.27482453703704,-0.659384162808642,9.0,3.0,1.0,59.74337818287036,-101.63746913580246,22.0,0.0,22.0,1.4115625,49.0,0.0,0.0,19.0,0.0,11.0,3.6267245370370373,,2.0,0.0,0.0,4.0,0.0,0.0,31.0,4.0,5.0,14.406542592592595,-15.462789351851852,,,,2.0,0.0,0.0,0.10872106481481483
99,MN21,59,0.0,3.0,11.0,0.0,0.0,19.0,0.0,0.0,28.0,19.0,9.0,60.52894127680312,-0.529031432748538,58.0,1.0,48.0,16.284708333333334,-7.020196759259259,,,,,25.0,0.0,0.0,9.0,0.0,7.0,4.8668807870370365,,3.0,0.0,0.0,4.0,0.0,0.0,19.0,1.0,7.0,8.117932581018518,-7.388275462962963,2.0,0.0,0.0,1.0,0.0,0.0,0.18732638888888892
100,MN22,83,0.0,1.0,24.0,0.0,0.0,40.0,0.0,0.0,33.0,24.0,9.0,60.617417975040254,-0.6174758454106282,32.0,8.0,4.0,36.9928840112434,-45.4404759837963,8.0,0.0,8.0,,55.0,0.0,0.0,10.0,0.0,5.0,2.520719907407408,,7.0,1.0,2.0,6.0,0.0,0.0,74.0,10.0,17.0,11.751553819444446,-15.900818452380955,3.0,0.0,0.0,8.0,1.0,0.0,0.1384104938271605
101,MN23,134,0.0,2.0,47.0,0.0,0.0,70.0,0.0,0.0,61.0,46.0,15.0,60.6493086419753,-0.6493883744855968,26.0,4.0,4.0,23.35090332892417,-10.32181712962963,11.0,0.0,11.0,0.6836527777777778,71.0,0.0,0.0,22.0,0.0,15.0,5.736608796296296,,17.0,0.0,0.0,17.0,0.0,0.0,69.0,9.0,12.0,13.062000325520833,-19.669282407407408,2.0,0.0,0.0,3.0,0.0,0.0,0.043061342592592596
102,MN24,135,0.0,0.0,72.0,0.0,0.0,63.0,0.0,0.0,56.0,41.0,13.0,60.60050172265289,-0.6582356594399279,15.0,3.0,3.0,26.848532021604935,-29.73572145061728,9.0,0.0,9.0,,84.0,0.0,0.0,20.0,0.0,14.0,8.473993055555555,,9.0,0.0,0.0,14.0,0.0,0.0,63.0,6.0,16.0,8.54733338155864,-14.825219907407408,5.0,0.0,0.0,2.0,0.0,0.0,0.08628472222222222
103,MN25,63,0.0,0.0,18.0,0.0,0.0,29.0,0.0,0.0,25.0,20.0,4.0,58.296450231481494,-0.6188389376218324,17.0,1.0,5.0,21.453811026936027,-42.804212962962964,5.0,0.0,5.0,3.0226128472222227,20.0,0.0,0.0,20.0,1.0,11.0,5.208919270833333,-1.7522569444444445,7.0,0.0,1.0,9.0,0.0,0.0,17.0,2.0,1.0,21.46938271604938,-38.18416087962963,2.0,0.0,0.0,2.0,0.0,0.0,0.06456018518518518
104,MN27,80,0.0,5.0,33.0,0.0,1.0,26.0,0.0,0.0,31.0,24.0,5.0,58.04013937114198,-1.0420249597423512,8.0,1.0,1.0,23.07820932539683,-49.77681712962963,10.0,0.0,10.0,2.9263503086419753,43.0,0.0,0.0,10.0,0.0,5.0,3.447247685185185,,6.0,0.0,2.0,2.0,0.0,0.0,44.0,5.0,15.0,16.0799296875,-37.19777777777778,,,,,,,
105,MN28,92,0.0,5.0,20.0,0.0,0.0,18.0,0.0,0.0,10.0,7.0,2.0,53.092741608796295,-0.606494708994709,14.0,2.0,3.0,29.92582807239057,-29.081400462962964,2.0,0.0,2.0,0.10949074074074074,37.0,0.0,0.0,6.0,0.0,2.0,5.846788194444445,,8.0,0.0,0.0,7.0,0.0,0.0,77.0,10.0,23.0,20.612059193121695,-58.37575462962964,1.0,0.0,0.0,9.0,0.0,0.0,0.026085069444444445
106,MN31,54,0.0,1.0,11.0,0.0,0.0,39.0,0.0,0.0,28.0,22.0,4.0,57.72382771164021,-0.5663981481481482,15.0,7.0,1.0,85.99580395299147,-104.28552744708995,6.0,0.0,6.0,,44.0,0.0,0.0,11.0,0.0,7.0,4.376203703703704,,6.0,0.0,1.0,5.0,0.0,0.0,47.0,8.0,7.0,13.015234375,-32.981467013888896,2.0,0.0,0.0,2.0,0.0,0.0,0.0867650462962963
107,MN32,52,0.0,1.0,9.0,0.0,0.0,43.0,0.0,0.0,18.0,15.0,3.0,60.66115200617284,-0.6618279320987654,14.0,4.0,3.0,44.02502104377104,-46.10769097222223,2.0,0.0,2.0,0.7389467592592593,44.0,0.0,0.0,5.0,0.0,4.0,7.763900462962963,,9.0,0.0,0.0,10.0,0.0,0.0,94.0,5.0,13.0,9.099257585899151,-22.372126736111113,6.0,0.0,0.0,3.0,0.0,0.0,0.06630787037037036
108,MN33,56,0.0,4.0,22.0,0.0,0.0,11.0,0.0,0.0,11.0,9.0,1.0,54.23737011316872,-0.6622077546296296,13.0,0.0,8.0,24.340317129629632,,3.0,0.0,3.0,0.44912808641975305,38.0,0.0,0.0,2.0,0.0,1.0,9.99883101851852,,2.0,0.0,0.0,6.0,0.0,0.0,42.0,1.0,9.0,3.463883571071071,-9.625949074074073,4.0,0.0,0.0,5.0,1.0,0.0,0.20715856481481482
109,MN34,67,0.0,4.0,17.0,0.0,0.0,18.0,0.0,0.0,21.0,14.0,6.0,58.854358796296296,-0.6550372023809524,12.0,1.0,1.0,18.69291877104377,-16.672060185185185,3.0,0.0,3.0,,74.0,0.0,0.0,12.0,0.0,7.0,8.425367476851852,,2.0,0.0,0.0,6.0,0.0,0.0,50.0,3.0,13.0,8.02161714039621,-7.235243055555555,2.0,0.0,0.0,2.0,0.0,0.0,0.12191550925925926
110,MN35,188,0.0,41.0,19.0,0.0,0.0,36.0,0.0,0.0,9.0,7.0,1.0,52.08262896825397,-0.6504243827160495,53.0,0.0,42.0,11.837407407407408,,4.0,0.0,4.0,1.2621527777777777,63.0,0.0,0.0,4.0,0.0,2.0,0.04718750000000001,,6.0,0.0,0.0,5.0,0.0,0.0,65.0,3.0,14.0,7.278124638310184,-4.65744212962963,6.0,0.0,0.0,4.0,0.0,0.0,0.033368055555555554
111,MN36,192,0.0,27.0,21.0,0.0,0.0,21.0,0.0,0.0,12.0,9.0,3.0,60.580043402777775,-0.5800434027777777,17.0,2.0,2.0,23.621462962962962,-25.10342013888889,10.0,0.0,10.0,2.349537037037037,71.0,0.0,0.0,8.0,1.0,5.0,3.4404166666666667,,6.0,0.0,0.0,3.0,0.0,0.0,89.0,2.0,26.0,7.856107300135501,-3.5083796296296295,2.0,0.0,0.0,13.0,0.0,0.0,0.11153935185185183
112,MN40,97,0.0,2.0,21.0,0.0,0.0,46.0,0.0,0.0,25.0,16.0,8.0,60.5685100308642,-0.568695987654321,14.0,2.0,4.0,30.483467592592593,-62.98677083333334,2.0,0.0,2.0,,50.0,0.0,0.0,7.0,0.0,3.0,5.094858217592593,,15.0,0.0,3.0,11.0,0.0,0.0,33.0,2.0,2.0,11.663227171136654,-34.5384837962963,1.0,0.0,0.0,1.0,0.0,0.0,0.0928125
113,MN50,5,0.0,0.0,3.0,0.0,0.0,2.0,0.0,0.0,1.0,1.0,0.0,60.373391203703704,-0.37465277777777783,2.0,0.0,1.0,15.688726851851852,,,,,,9.0,0.0,0.0,2.0,0.0,1.0,3.056770833333333,,2.0,0.0,2.0,3.0,0.0,0.0,,,,,,,,,,,,
114,QN01,91,0.0,12.0,74.0,0.0,0.0,5.0,0.0,0.0,3.0,1.0,2.0,60.34311342592593,-0.343113425925926,6.0,2.0,4.0,98.99438078703704,-61.49443865740741,1.0,0.0,1.0,,98.0,0.0,0.0,2.0,0.0,1.0,0.0396875,,1.0,0.0,1.0,2.0,0.0,0.0,43.0,1.0,5.0,7.90701982431149,-4.2887152777777775,,,,1.0,0.0,0.0,0.013020833333333334
115,QN02,46,0.0,2.0,29.0,0.0,0.0,1.0,0.0,0.0,4.0,2.0,2.0,60.71364004629629,-0.714525462962963,3.0,0.0,1.0,7.9821990740740745,,,,,,44.0,0.0,0.0,1.0,0.0,1.0,,,1.0,0.0,0.0,1.0,0.0,0.0,16.0,3.0,0.0,16.570765817901236,-12.878707561728396,,,,,,,
116,QN03,37,0.0,0.0,41.0,0.0,0.0,3.0,0.0,0.0,7.0,6.0,1.0,60.63143711419753,-0.6314332561728395,1.0,0.0,0.0,3.7771064814814816,,4.0,0.0,4.0,,23.0,0.0,0.0,1.0,0.0,1.0,,,1.0,0.0,1.0,3.0,0.0,0.0,12.0,1.0,1.0,16.170303819444445,-13.312013888888888,2.0,0.0,0.0,,,,
117,QN05,71,0.0,1.0,30.0,0.0,0.0,1.0,0.0,0.0,2.0,2.0,0.0,60.36183449074074,-0.3618344907407408,1.0,0.0,0.0,42.55166666666667,,,,,,55.0,0.0,0.0,,,,,,,,,3.0,0.0,0.0,14.0,2.0,0.0,10.449136904761904,-4.99255787037037,3.0,0.0,0.0,,,,
118,QN06,61,0.0,0.0,29.0,0.0,0.0,3.0,0.0,0.0,2.0,2.0,0.0,60.526614583333334,-0.5266145833333333,3.0,2.0,0.0,37.94255015432099,-20.19160300925926,1.0,0.0,1.0,,43.0,0.0,0.0,,,,,,,,,2.0,0.0,0.0,7.0,0.0,1.0,11.529072145061727,,1.0,0.0,0.0,1.0,1.0,0.0,0.9761574074074074
119,QN07,47,0.0,2.0,26.0,0.0,0.0,1.0,0.0,0.0,,,,,,2.0,0.0,0.0,4.086903935185186,,,,,,40.0,0.0,0.0,1.0,0.0,1.0,,,,,,,,,15.0,0.0,2.0,7.3585149572649575,,3.0,0.0,0.0,2.0,0.0,0.0,0.09317129629629631
120,QN08,139,0.0,11.0,88.0,0.0,0.0,4.0,0.0,0.0,7.0,2.0,5.0,60.79271990740741,-0.7927199074074074,5.0,1.0,0.0,38.66334490740741,-30.10421296296296,,,,,142.0,0.0,0.0,2.0,0.0,1.0,2.6825,,1.0,0.0,1.0,7.0,0.0,0.0,58.0,2.0,7.0,8.710783475783476,-18.264814814814812,3.0,0.0,0.0,,,,
121,QN10,109,0.0,0.0,43.0,0.0,0.0,5.0,0.0,0.0,8.0,8.0,0.0,60.57338107638889,-0.5733810763888889,10.0,4.0,2.0,57.65995659722223,-57.4460011574074,5.0,0.0,5.0,3.1318402777777776,34.0,0.0,0.0,3.0,0.0,1.0,9.311903935185185,,11.0,1.0,1.0,5.0,0.0,0.0,11.0,5.0,0.0,29.543659722222223,-11.903648148148147,7.0,0.0,0.0,3.0,0.0,0.0,0.05886574074074074
122,QN12,79,0.0,5.0,45.0,0.0,0.0,5.0,0.0,0.0,2.0,2.0,0.0,60.615515046296295,-0.6155150462962964,4.0,2.0,0.0,70.45270543981482,-64.93184027777778,1.0,0.0,1.0,0.10643518518518519,44.0,0.0,0.0,1.0,0.0,1.0,9.206585648148149,,8.0,1.0,1.0,4.0,0.0,0.0,21.0,1.0,0.0,16.463813381834218,-4.540891203703704,2.0,0.0,0.0,1.0,0.0,0.0,0.1257175925925926
123,QN15,81,0.0,1.0,40.0,0.0,0.0,3.0,0.0,0.0,8.0,7.0,1.0,60.60997023809523,-0.6099702380952381,3.0,0.0,1.0,13.051990740740742,,1.0,0.0,1.0,,36.0,0.0,0.0,2.0,0.0,1.0,6.963912037037037,,3.0,0.0,1.0,3.0,0.0,0.0,22.0,3.0,1.0,15.4649112654321,-16.692256944444445,4.0,0.0,0.0,1.0,0.0,0.0,0.2943634259259259
124,QN17,128,0.0,3.0,44.0,0.0,0.0,31.0,0.0,0.0,25.0,15.0,9.0,57.74664660493828,-0.5848958333333334,16.0,2.0,2.0,17.359239672364673,-19.169241898148147,6.0,0.0,6.0,0.8609953703703703,91.0,0.0,0.0,9.0,0.0,4.0,2.4266597222222224,,5.0,0.0,2.0,7.0,0.0,0.0,23.0,1.0,1.0,13.006752645502646,-34.35729166666667,3.0,0.0,0.0,3.0,0.0,0.0,0.028665123456790124
125,QN18,48,0.0,0.0,14.0,0.0,0.0,4.0,0.0,0.0,5.0,4.0,0.0,48.43925694444444,-0.528990162037037,2.0,1.0,0.0,29.036521990740745,-2.952407407407408,3.0,0.0,3.0,,25.0,0.0,0.0,4.0,0.0,2.0,6.4634027777777785,,3.0,0.0,0.0,3.0,0.0,0.0,6.0,1.0,0.0,14.666038773148149,-6.43306712962963,1.0,0.0,0.0,1.0,0.0,0.0,0.07165509259259259
126,QN19,73,0.0,1.0,44.0,0.0,0.0,6.0,0.0,0.0,9.0,8.0,1.0,60.625908564814814,-0.6259071180555555,,,,,,3.0,0.0,3.0,0.14724537037037036,32.0,0.0,0.0,2.0,0.0,1.0,,,3.0,0.0,0.0,7.0,0.0,0.0,19.0,0.0,3.0,8.701773919753087,,3.0,0.0,0.0,1.0,0.0,0.0,0.021446759259259263
127,QN20,148,0.0,10.0,94.0,0.0,0.0,11.0,0.0,0.0,11.0,9.0,2.0,60.78944958847737,-0.7894495884773663,9.0,3.0,0.0,66.83754115226337,-115.96243055555556,3.0,0.0,3.0,,116.0,0.0,2.0,1.0,0.0,0.0,0.02262731481481482,,5.0,0.0,1.0,7.0,0.0,0.0,92.0,3.0,17.0,8.927290653935186,-12.838813657407407,2.0,0.0,0.0,2.0,0.0,0.0,0.1527777777777778
128,QN21,82,0.0,0.0,35.0,0.0,1.0,1.0,0.0,0.0,8.0,5.0,3.0,60.549506944444445,-0.5495,5.0,3.0,0.0,54.28110416666667,-48.03314429012346,,,,,46.0,0.0,0.0,3.0,0.0,1.0,6.504756944444445,,5.0,0.0,0.0,4.0,0.0,0.0,15.0,1.0,1.0,10.140226521164022,-0.5990972222222222,1.0,0.0,0.0,1.0,0.0,0.0,
129,QN22,78,0.0,2.0,29.0,0.0,0.0,12.0,0.0,0.0,34.0,23.0,7.0,55.75142037037036,-0.614807769726248,9.0,1.0,2.0,26.473773148148148,-32.84861111111111,13.0,0.0,13.0,,70.0,0.0,0.0,13.0,0.0,6.0,3.834447751322752,,3.0,0.0,0.0,9.0,0.0,0.0,12.0,1.0,1.0,9.078764730639731,,1.0,0.0,0.0,2.0,0.0,0.0,0.10668981481481482
130,QN23,43,0.0,2.0,29.0,0.0,0.0,33.0,0.0,0.0,8.0,4.0,3.0,55.08753009259259,-0.690931712962963,8.0,4.0,0.0,75.06449508101852,-91.30705439814815,1.0,0.0,1.0,,57.0,0.0,0.0,2.0,0.0,2.0,,,4.0,0.0,2.0,5.0,0.0,0.0,10.0,1.0,0.0,11.625,,1.0,0.0,0.0,4.0,0.0,0.0,0.09803240740740742
131,QN25,96,0.0,19.0,21.0,0.0,0.0,3.0,0.0,0.0,3.0,3.0,0.0,60.46645833333333,-0.46645833333333336,6.0,1.0,3.0,72.00819058641976,-142.5227199074074,,,,,32.0,0.0,0.0,1.0,0.0,0.0,9.908668981481481,,1.0,0.0,0.0,6.0,0.0,0.0,30.0,2.0,3.0,13.002787037037034,-5.19292824074074,1.0,0.0,0.0,2.0,0.0,0.0,0.032303240740740743
132,QN26,113,0.0,28.0,15.0,0.0,2.0,10.0,0.0,0.0,6.0,5.0,1.0,60.71241666666667,-0.7124143518518519,,,,,,1.0,0.0,1.0,1.915324074074074,112.0,0.0,0.0,1.0,0.0,0.0,,,,,,4.0,0.0,0.0,13.0,0.0,4.0,5.237754629629629,,,,,1.0,0.0,0.0,0.04795138888888889
133,QN27,55,0.0,13.0,26.0,0.0,0.0,3.0,0.0,0.0,4.0,2.0,1.0,60.65902199074074,-0.6590219907407409,1.0,0.0,0.0,7.9655555555555555,,,,,,62.0,0.0,0.0,1.0,0.0,1.0,,,1.0,0.0,0.0,,,,15.0,1.0,1.0,10.406877314814814,,1.0,0.0,0.0,1.0,0.0,0.0,0.30243055555555554
134,QN28,123,0.0,12.0,66.0,0.0,0.0,15.0,0.0,0.0,25.0,17.0,7.0,57.43169174382716,-0.6488078703703705,9.0,2.0,0.0,23.26892875514403,-20.94464699074074,4.0,0.0,4.0,,114.0,0.0,0.0,14.0,0.0,8.0,2.528292824074074,,7.0,1.0,0.0,5.0,0.0,0.0,26.0,1.0,4.0,8.135333994708995,,3.0,0.0,0.0,11.0,0.0,0.0,0.07008359053497942
135,QN29,105,0.0,4.0,44.0,0.0,0.0,9.0,0.0,0.0,16.0,9.0,7.0,54.37025977366256,-0.7035918209876544,8.0,1.0,1.0,18.4805042989418,-6.6084606481481485,3.0,0.0,3.0,,93.0,0.0,0.0,7.0,0.0,3.0,5.976415895061728,,3.0,0.0,0.0,1.0,0.0,0.0,37.0,3.0,5.0,14.239760698198198,-33.97369212962963,,,,8.0,0.0,0.0,0.04495370370370371
136,QN30,96,0.0,4.0,34.0,0.0,0.0,7.0,0.0,0.0,8.0,5.0,1.0,46.78652116402117,-0.613,,,,,,,,,,45.0,0.0,0.0,2.0,0.0,1.0,8.961539351851853,,1.0,0.0,0.0,6.0,0.0,0.0,33.0,2.0,3.0,10.382337962962962,-2.0071006944444445,,,,1.0,0.0,0.0,0.15346064814814814
137,QN31,163,0.0,3.0,58.0,0.0,0.0,27.0,0.0,0.0,23.0,20.0,2.0,58.4594995590829,-0.66521875,13.0,3.0,2.0,54.812599957912454,-127.19866126543211,5.0,0.0,5.0,,69.0,0.0,0.0,10.0,0.0,4.0,8.54225462962963,,9.0,0.0,0.0,14.0,0.0,0.0,39.0,5.0,8.0,11.338432239057239,-11.624436728395061,2.0,0.0,0.0,4.0,0.0,0.0,0.22564814814814815
138,QN33,54,0.0,1.0,23.0,0.0,1.0,15.0,0.0,0.0,4.0,3.0,0.0,60.574483024691354,-0.574483024691358,,,,,,,,,,31.0,0.0,0.0,,,,,,1.0,0.0,0.0,6.0,0.0,0.0,14.0,0.0,1.0,9.043323412698415,,1.0,0.0,0.0,,,,
139,QN34,116,0.0,3.0,75.0,0.0,1.0,5.0,0.0,0.0,4.0,2.0,2.0,60.567627314814814,-0.5676273148148148,5.0,1.0,0.0,13.527782407407406,-1.6005902777777778,,,,,79.0,0.0,0.0,,,,,,3.0,0.0,0.0,4.0,0.0,0.0,36.0,1.0,2.0,9.294369212962964,-7.992465277777778,,,,,,,
140,QN35,73,0.0,0.0,33.0,0.0,0.0,2.0,0.0,0.0,6.0,5.0,1.0,60.64694444444444,-0.647212962962963,3.0,0.0,0.0,14.279795524691359,,1.0,0.0,1.0,2.0969328703703702,72.0,0.0,0.0,1.0,0.0,0.0,,,2.0,0.0,0.0,1.0,0.0,0.0,23.0,2.0,2.0,14.326339377572017,-3.326059027777778,1.0,0.0,0.0,4.0,2.0,0.0,0.07814814814814815
141,QN37,58,0.0,1.0,39.0,0.0,0.0,2.0,0.0,0.0,4.0,4.0,0.0,60.86260416666667,-0.8626041666666666,1.0,0.0,0.0,3.495162037037037,,6.0,0.0,6.0,0.1333101851851852,58.0,0.0,0.0,1.0,0.0,1.0,,,,,,3.0,0.0,0.0,15.0,1.0,0.0,9.761969246031745,-10.509247685185185,2.0,0.0,0.0,,,,
142,QN38,73,0.0,0.0,20.0,0.0,0.0,3.0,0.0,0.0,6.0,5.0,1.0,60.713965277777774,-0.715011574074074,4.0,1.0,1.0,34.81993441358025,-10.865752314814817,1.0,0.0,1.0,,60.0,0.0,0.0,5.0,0.0,3.0,6.823483796296297,,,,,,,,7.0,0.0,0.0,9.142857142857142,,2.0,0.0,0.0,,,,
143,QN41,31,0.0,0.0,13.0,0.0,0.0,2.0,0.0,0.0,4.0,2.0,2.0,60.55122106481481,-0.5512210648148148,2.0,0.0,0.0,6.723200231481481,,1.0,0.0,1.0,1.0070949074074074,12.0,0.0,0.0,3.0,0.0,2.0,3.4364930555555557,,,,,,,,3.0,0.0,0.0,9.72161651234568,,1.0,0.0,0.0,,,,
144,QN42,26,0.0,0.0,20.0,0.0,0.0,2.0,0.0,0.0,3.0,2.0,1.0,60.59056712962963,-0.5905671296296297,3.0,0.0,0.0,6.72646412037037,,,,,,14.0,0.0,0.0,3.0,0.0,1.0,0.6392418981481481,,3.0,0.0,0.0,2.0,0.0,0.0,6.0,1.0,0.0,12.272594521604939,-10.626157407407407,2.0,0.0,0.0,,,,
145,QN43,44,0.0,1.0,20.0,0.0,0.0,5.0,0.0,0.0,5.0,2.0,2.0,44.37846836419752,-0.6779398148148149,,,,,,,,,,35.0,0.0,0.0,1.0,0.0,0.0,5.0997916666666665,,1.0,0.0,1.0,1.0,0.0,0.0,7.0,1.0,1.0,10.0,-1.1537731481481481,1.0,0.0,0.0,1.0,0.0,0.0,0.021585648148148152
146,QN44,48,0.0,0.0,19.0,0.0,0.0,2.0,0.0,0.0,6.0,3.0,1.0,45.9436082175926,-0.648383487654321,2.0,0.0,1.0,13.449328703703705,,,,,,27.0,0.0,0.0,,,,,,,,,2.0,0.0,0.0,9.0,1.0,1.0,19.210461516203704,-27.31372685185185,,,,,,,
147,QN45,84,0.0,1.0,22.0,0.0,0.0,4.0,0.0,0.0,6.0,5.0,1.0,60.723087962962964,-0.7231087962962963,,,,,,,,,,43.0,0.0,0.0,3.0,0.0,1.0,4.358130787037037,,1.0,0.0,0.0,5.0,0.0,1.0,10.0,0.0,0.0,11.555555555555555,,2.0,0.0,0.0,,,,
148,QN46,93,0.0,3.0,36.0,0.0,0.0,8.0,0.0,0.0,5.0,3.0,2.0,60.61566743827161,-0.6156674382716049,4.0,1.0,1.0,22.49751929012346,-10.744976851851852,1.0,0.0,1.0,,63.0,0.0,0.0,4.0,0.0,0.0,0.035138888888888886,,3.0,0.0,1.0,2.0,0.0,0.0,11.0,0.0,0.0,12.0,,3.0,0.0,0.0,4.0,0.0,0.0,0.10079282407407408
149,QN47,32,0.0,2.0,8.0,0.0,0.0,3.0,0.0,0.0,6.0,3.0,3.0,60.53138503086419,-0.5333641975308642,3.0,0.0,1.0,5.4279166666666665,,,,,,13.0,0.0,0.0,1.0,0.0,1.0,,,1.0,0.0,0.0,,,,5.0,0.0,1.0,6.630590277777778,,1.0,0.0,0.0,,,,
150,QN48,64,0.0,1.0,23.0,0.0,0.0,1.0,0.0,0.0,5.0,5.0,1.0,60.603011574074074,-0.6030115740740741,2.0,0.0,0.0,19.942349537037035,,,,,,26.0,0.0,0.0,3.0,0.0,0.0,4.765405092592593,,1.0,1.0,0.0,1.0,0.0,0.0,8.0,0.0,0.0,6.125000000000001,,1.0,0.0,0.0,,,,
151,QN49,76,0.0,0.0,46.0,0.0,0.0,9.0,0.0,0.0,5.0,3.0,2.0,60.49502314814815,-0.4950231481481482,,,,,,2.0,0.0,2.0,,40.0,0.0,0.0,1.0,0.0,0.0,4.349444444444444,,4.0,0.0,0.0,3.0,0.0,0.0,12.0,0.0,1.0,8.940618055555555,,3.0,0.0,0.0,2.0,0.0,0.0,0.11483796296296296
152,QN50,103,0.0,2.0,24.0,0.0,0.0,7.0,0.0,0.0,7.0,4.0,3.0,60.625150462962964,-0.6251475694444445,,,,,,1.0,0.0,1.0,,27.0,0.0,0.0,1.0,0.0,1.0,,,,,,1.0,0.0,0.0,29.0,1.0,13.0,3.476349451303155,,,,,2.0,0.0,0.0,0.06530092592592593
153,QN51,72,0.0,0.0,35.0,0.0,0.0,9.0,0.0,0.0,6.0,2.0,4.0,60.46055555555556,-0.46055555555555555,1.0,0.0,0.0,29.814039351851854,,8.0,0.0,8.0,1.9904456018518522,45.0,0.0,1.0,2.0,0.0,2.0,,,2.0,0.0,0.0,3.0,0.0,0.0,8.0,0.0,1.0,7.352260251322751,,3.0,0.0,0.0,1.0,0.0,0.0,0.1765740740740741
154,QN52,24,0.0,2.0,27.0,0.0,0.0,2.0,0.0,0.0,1.0,0.0,1.0,,,2.0,0.0,0.0,13.41054976851852,,2.0,0.0,2.0,,41.0,0.0,0.0,1.0,0.0,0.0,8.00537037037037,,,,,,,,4.0,0.0,1.0,4.883668981481481,,,,,1.0,0.0,0.0,0.06943287037037037
155,QN53,130,0.0,14.0,55.0,0.0,0.0,9.0,0.0,0.0,4.0,4.0,0.0,60.7274855324074,-0.7274826388888889,1.0,0.0,0.0,17.739398148148148,,1.0,0.0,1.0,,121.0,0.0,0.0,1.0,0.0,0.0,8.861608796296297,,1.0,0.0,0.0,3.0,0.0,0.0,33.0,0.0,7.0,6.990496600115742,,1.0,0.0,0.0,4.0,0.0,0.0,0.044563078703703705
156,QN54,127,0.0,18.0,88.0,0.0,0.0,5.0,0.0,0.0,9.0,6.0,3.0,60.78722415123457,-0.7872222222222222,5.0,1.0,2.0,21.580111882716054,-0.44288194444444445,,,,,98.0,0.0,0.0,6.0,0.0,3.0,9.501846064814815,,2.0,0.0,0.0,4.0,0.0,0.0,34.0,0.0,2.0,6.988621983726151,,2.0,0.0,0.0,10.0,1.0,0.0,0.06453832304526749
157,QN55,142,0.0,14.0,101.0,0.0,0.0,10.0,0.0,0.0,8.0,5.0,3.0,60.694849537037044,-0.6948495370370371,7.0,2.0,1.0,52.097029320987666,-84.76769097222223,1.0,0.0,1.0,0.9545023148148148,133.0,0.0,0.0,5.0,1.0,1.0,8.939467592592594,-2.442384259259259,2.0,0.0,0.0,6.0,0.0,0.0,41.0,0.0,7.0,6.556772051656919,,2.0,0.0,0.0,11.0,1.0,0.0,0.07812628600823045
158,QN56,37,0.0,5.0,36.0,0.0,0.0,3.0,0.0,0.0,7.0,4.0,2.0,60.76923611111111,-0.7692361111111111,,,,,,2.0,0.0,2.0,0.13635416666666667,42.0,0.0,0.0,2.0,0.0,1.0,3.125150462962963,,,,,,,,20.0,0.0,2.0,5.5053755787037035,,2.0,0.0,0.0,,,,
159,QN57,83,0.0,3.0,35.0,0.0,0.0,3.0,0.0,0.0,5.0,3.0,2.0,60.43581018518518,-0.4358101851851852,5.0,2.0,0.0,76.46659490740741,-112.32794560185187,1.0,0.0,1.0,,49.0,0.0,0.0,10.0,0.0,7.0,9.139753086419754,,2.0,0.0,1.0,3.0,0.0,0.0,20.0,1.0,7.0,8.204952417695473,-16.207326388888887,2.0,0.0,0.0,,,,
160,QN60,59,0.0,0.0,14.0,0.0,0.0,7.0,0.0,0.0,7.0,6.0,1.0,60.63649305555555,-0.6373186728395063,4.0,0.0,1.0,12.853391203703703,,1.0,0.0,1.0,,21.0,0.0,0.0,4.0,0.0,1.0,2.680779320987655,,4.0,0.0,0.0,,,,9.0,0.0,0.0,4.757262088477366,,2.0,0.0,0.0,1.0,0.0,0.0,0.22773148148148148
161,QN61,93,0.0,8.0,116.0,0.0,0.0,9.0,0.0,0.0,16.0,11.0,5.0,60.62160248316498,-0.6218371212121213,7.0,3.0,1.0,30.320358796296293,-10.36636574074074,1.0,0.0,1.0,,146.0,0.0,0.0,7.0,0.0,3.0,8.71920524691358,,3.0,0.0,1.0,8.0,0.0,0.0,36.0,0.0,8.0,7.8616032088122605,,2.0,0.0,0.0,2.0,1.0,0.0,
162,QN62,35,0.0,1.0,19.0,0.0,0.0,2.0,0.0,0.0,3.0,2.0,1.0,60.78219907407407,-0.7821990740740741,,,,,,,,,,29.0,0.0,0.0,1.0,0.0,0.0,5.165497685185185,,1.0,0.0,0.0,3.0,0.0,0.0,12.0,1.0,0.0,16.666666666666668,-11.42832175925926,1.0,0.0,0.0,,,,
163,QN63,74,0.0,2.0,42.0,0.0,0.0,2.0,0.0,0.0,12.0,9.0,3.0,60.702274948559676,-0.7022736625514404,4.0,0.0,1.0,14.353179012345679,,4.0,0.0,4.0,1.6190162037037037,42.0,0.0,0.0,5.0,0.0,3.0,5.8405555555555555,,1.0,0.0,0.0,2.0,0.0,0.0,17.0,0.0,1.0,6.177516835016834,,1.0,0.0,0.0,4.0,0.0,0.0,0.11523919753086419
164,QN66,61,0.0,4.0,39.0,0.0,0.0,3.0,0.0,0.0,1.0,0.0,1.0,,,,,,,,,,,,40.0,0.0,0.0,3.0,0.0,1.0,,,,,,,,,19.0,0.0,1.0,11.44554976851852,,1.0,0.0,0.0,,,,
165,QN68,27,0.0,1.0,24.0,0.0,0.0,7.0,0.0,0.0,5.0,3.0,1.0,49.01599247685185,-0.7125617283950617,3.0,3.0,0.0,56.68991898148149,-21.690042438271604,1.0,0.0,1.0,0.08237268518518519,18.0,0.0,0.0,,,,,,3.0,0.0,0.0,10.0,0.0,0.0,11.0,0.0,3.0,6.3909066358024695,,,,,3.0,0.0,0.0,0.04619212962962963
166,QN70,74,0.0,1.0,56.0,0.0,0.0,12.0,0.0,0.0,26.0,22.0,4.0,60.5886663510101,-0.5886652988215487,6.0,1.0,0.0,18.210717592592594,-7.035196759259259,41.0,0.0,41.0,1.540476851851852,89.0,0.0,0.0,14.0,0.0,11.0,4.635381944444444,,3.0,0.0,1.0,2.0,0.0,0.0,49.0,1.0,6.0,8.317387014991182,-4.565092592592593,3.0,0.0,0.0,3.0,0.0,0.0,0.027905092592592596
167,QN71,47,0.0,0.0,29.0,0.0,0.0,3.0,0.0,0.0,2.0,2.0,0.0,60.71370949074074,-0.7137094907407407,3.0,0.0,0.0,13.274359567901236,,,,,,29.0,0.0,0.0,,,,,,2.0,0.0,1.0,3.0,0.0,0.0,8.0,0.0,1.0,9.884962384259259,,,,,1.0,0.0,0.0,
168,QN72,62,0.0,0.0,49.0,0.0,0.0,8.0,0.0,0.0,16.0,9.0,7.0,60.764854681069956,-0.7648546810699588,4.0,0.0,0.0,7.533920717592593,,8.0,0.0,8.0,3.7152546296296296,53.0,0.0,0.0,8.0,1.0,1.0,6.204726080246913,-11.835335648148149,4.0,0.0,2.0,4.0,0.0,0.0,30.0,0.0,9.0,9.137558834876543,,2.0,0.0,0.0,2.0,0.0,0.0,0.05239583333333333
169,QN76,77,0.0,9.0,45.0,0.0,0.0,2.0,0.0,0.0,3.0,0.0,3.0,,,2.0,0.0,0.0,9.900804398148148,,1.0,0.0,1.0,2.944178240740741,78.0,0.0,0.0,4.0,0.0,4.0,,,2.0,0.0,0.0,1.0,0.0,0.0,42.0,2.0,5.0,7.557990627822945,-6.365231481481482,2.0,0.0,0.0,,,,
170,SI01,82,0.0,0.0,50.0,0.0,0.0,2.0,0.0,0.0,5.0,3.0,2.0,60.66861111111111,-0.6686072530864197,,,,,,,,,,33.0,0.0,0.0,,,,,,2.0,0.0,0.0,8.0,0.0,0.0,15.0,2.0,0.0,15.993959104938272,-23.264641203703704,5.0,0.0,0.0,2.0,0.0,0.0,0.024131944444444445
171,SI05,139,0.0,0.0,62.0,0.0,0.0,5.0,0.0,0.0,8.0,4.0,4.0,60.574950810185186,-0.5752401620370371,1.0,1.0,0.0,115.83283564814815,-70.83283564814815,,,,,35.0,0.0,0.0,2.0,0.0,1.0,0.018206018518518517,,1.0,0.0,0.0,6.0,0.0,0.0,16.0,3.0,0.0,14.75,-2.166469907407407,4.0,0.0,0.0,,,,
172,SI07,116,0.0,3.0,25.0,0.0,0.0,3.0,0.0,0.0,5.0,4.0,1.0,60.675494791666665,-0.6754918981481483,,,,,,,,,,24.0,0.0,0.0,2.0,0.0,2.0,,,,,,5.0,0.0,0.0,27.0,2.0,2.0,9.128609259259258,-22.567685185185187,3.0,0.0,0.0,1.0,0.0,0.0,0.08307870370370371
173,SI08,60,0.0,2.0,17.0,0.0,0.0,3.0,0.0,0.0,,,,,,,,,,,,,,,32.0,0.0,0.0,,,,,,1.0,0.0,0.0,,,,19.0,1.0,1.0,8.411606968810915,-8.501863425925926,1.0,0.0,0.0,,,,
174,SI11,53,0.0,0.0,45.0,0.0,0.0,4.0,0.0,0.0,5.0,4.0,0.0,51.384067129629635,-0.7706539351851852,,,,,,,,,,30.0,0.0,0.0,3.0,0.0,2.0,9.07324074074074,,1.0,0.0,0.0,4.0,0.0,0.0,16.0,3.0,4.0,9.48191550925926,-10.833252314814814,2.0,0.0,0.0,2.0,0.0,0.0,0.08121527777777778
175,SI12,65,0.0,1.0,50.0,0.0,0.0,3.0,0.0,0.0,2.0,1.0,1.0,,,2.0,0.0,0.0,12.520167824074075,,1.0,0.0,1.0,0.3313425925925926,67.0,0.0,0.0,3.0,0.0,2.0,,,2.0,0.0,2.0,7.0,0.0,0.0,42.0,4.0,10.0,11.038713200379865,-26.411782407407404,3.0,0.0,0.0,1.0,1.0,0.0,0.35829861111111116
176,SI14,48,0.0,1.0,24.0,0.0,0.0,2.0,0.0,0.0,3.0,2.0,2.0,60.83501157407407,-0.835011574074074,,,,,,,,,,26.0,0.0,0.0,2.0,0.0,1.0,6.728784722222223,,,,,1.0,0.0,0.0,16.0,3.0,4.0,18.83323578042328,-17.5722337962963,,,,,,,
177,SI22,150,0.0,6.0,41.0,0.0,0.0,2.0,0.0,0.0,4.0,4.0,0.0,60.513498263888884,-0.5144936342592593,4.0,1.0,0.0,31.586906828703707,-24.40355324074074,,,,,67.0,0.0,0.0,4.0,0.0,2.0,7.121105324074074,,1.0,0.0,0.0,3.0,0.0,0.0,34.0,2.0,5.0,9.267802679573515,-32.08501157407407,5.0,0.0,0.0,,,,
178,SI24,133,0.0,0.0,50.0,0.0,1.0,3.0,0.0,0.0,5.0,3.0,2.0,60.41372299382716,-0.4137229938271605,3.0,3.0,0.0,86.66068287037037,-56.66068287037037,,,,,41.0,0.0,0.0,3.0,0.0,1.0,3.5299768518518517,,2.0,0.0,0.0,5.0,0.0,0.0,8.0,1.0,0.0,17.166666666666668,,1.0,0.0,0.0,,,,
179,SI25,59,0.0,1.0,52.0,0.0,1.0,1.0,0.0,0.0,2.0,2.0,0.0,60.41733217592593,-0.4173321759259259,1.0,1.0,0.0,74.10085648148149,-44.100856481481486,,,,,21.0,0.0,0.0,1.0,0.0,0.0,8.143773148148147,,,,,2.0,0.0,0.0,13.0,2.0,2.0,14.181718106995886,-38.827268518518515,,,,,,,
180,SI28,88,0.0,2.0,19.0,0.0,0.0,5.0,0.0,0.0,4.0,3.0,1.0,60.59648533950618,-4.894421296296296,,,,,,,,,,29.0,0.0,0.0,2.0,0.0,0.0,6.579623842592593,,,,,,,,24.0,6.0,4.0,16.115613929146537,-8.013645833333333,1.0,0.0,0.0,1.0,0.0,0.0,0.11655092592592593
181,SI32,76,0.0,0.0,28.0,0.0,0.0,1.0,0.0,0.0,2.0,2.0,0.0,60.66015625,-0.66015625,,,,,,,,,,10.0,0.0,0.0,1.0,0.0,0.0,0.9638657407407407,,1.0,0.0,0.0,2.0,0.0,0.0,9.0,2.0,0.0,7.0,,2.0,0.0,0.0,2.0,0.0,0.0,
182,SI35,70,0.0,1.0,21.0,0.0,0.0,6.0,0.0,0.0,4.0,2.0,2.0,60.6995775462963,-0.6995775462962963,,,,,,,,,,38.0,0.0,0.0,2.0,0.0,2.0,,,,,,1.0,0.0,0.0,15.0,0.0,1.0,2.987642195767196,,2.0,0.0,0.0,1.0,0.0,0.0,0.19072916666666667
183,SI36,90,0.0,1.0,48.0,0.0,0.0,4.0,0.0,0.0,5.0,4.0,1.0,60.61194155092593,-0.6121614583333334,6.0,2.0,0.0,37.10008294753086,-43.396313657407404,1.0,0.0,1.0,,39.0,0.0,0.0,1.0,0.0,1.0,,,,,,4.0,0.0,0.0,41.0,10.0,5.0,21.74674428104575,-25.490270061728395,3.0,0.0,0.0,,,,
184,SI37,83,0.0,2.0,58.0,0.0,0.0,3.0,0.0,0.0,7.0,4.0,3.0,60.50944733796296,-0.509447337962963,2.0,0.0,0.0,4.254791666666667,,,,,,82.0,0.0,0.0,6.0,0.0,3.0,4.26985725308642,,4.0,0.0,0.0,4.0,0.0,0.0,31.0,1.0,8.0,11.659266044061305,-9.199247685185185,,,,2.0,0.0,0.0,0.16517361111111112
185,SI45,86,0.0,1.0,38.0,0.0,0.0,4.0,0.0,0.0,14.0,13.0,1.0,60.780713734567904,-0.7808072916666666,1.0,0.0,0.0,35.94829861111111,,,,,,39.0,0.0,0.0,,,,,,1.0,0.0,0.0,3.0,0.0,0.0,20.0,3.0,3.0,18.05321064814815,-16.990439814814813,1.0,0.0,0.0,2.0,0.0,0.0,0.1436111111111111
186,SI48,83,0.0,0.0,21.0,0.0,0.0,,,,1.0,1.0,0.0,60.352777777777774,-0.3527777777777778,,,,,,,,,,14.0,0.0,0.0,,,,,,,,,,,,11.0,2.0,0.0,12.46054513888889,-5.980972222222223,3.0,0.0,0.0,,,,
187,SI54,203,0.0,0.0,52.0,0.0,1.0,6.0,0.0,0.0,5.0,4.0,1.0,60.67287326388889,-0.6728732638888889,,,,,,,,,,46.0,0.0,0.0,1.0,0.0,1.0,,,1.0,0.0,0.0,5.0,0.0,0.0,23.0,8.0,0.0,27.922743581649833,-38.00060350529101,5.0,0.0,0.0,2.0,1.0,0.0,0.052118055555555556
