,Unnamed: 0,nta,TotalPop,NYCHAperc,PreventHosp,DiversityScore,HealthIns,c_Water System,Water System_unresolved_case,c_Sanitation Condition,c_Air Quality,c_Food Establishment,Food Establishment_count_overtime,Food Establishment_unresolved_case,Food Establishment_processing_time,Food Establishment_overtime,c_Indoor Air Quality,Indoor Air Quality_count_overtime,Indoor Air Quality_unresolved_case,Indoor Air Quality_processing_time,Indoor Air Quality_overtime,c_Smoking,Smoking_unresolved_case,Smoking_processing_time,c_Dirty Conditions,c_Food Poisoning,Food Poisoning_unresolved_case,Food Poisoning_processing_time,c_Asbestos,Asbestos_unresolved_case,c_Hazardous Materials,Hazardous Materials_unresolved_case,c_Rodent,Rodent_count_overtime,Rodent_unresolved_case,Rodent_processing_time,Rodent_overtime,c_Water Quality,c_Drinking,Drinking_processing_time
0,1,BK09,23532,0,668.9,85.76217115,93,36,0,14,15,10,8,1,60.77146267,-0.771893808,4,2,0,31.50622685,-19.55880787,2,2,1.097679398,9,4,1,5.153055556,1,0,5,0,13,3,2,14.00104398,-5.49275463,2,,
1,2,BK17,63459,7.6,1631.2,99.70817419,92.8,155,2,57,9,12,8,4,60.56312355,-0.563214699,15,4,4,63.99939583,-99.07068576,4,4,,94,6,4,8.432094907,9,0,10,0,46,4,9,22.77047178,-135.9653762,5,,
2,3,BK19,33146,0,1233.8,62.07422976,88,58,0,31,13,9,5,4,50.93043017,-0.5771875,11,0,3,11.5217173,,5,5,2.207866512,48,3,2,0.124467593,1,0,4,0,26,1,1,10.35777731,-50.13244213,2,1,0.035011574
3,4,BK21,29229,30.7,3158.7,118.6023187,91.1,54,2,18,8,10,6,4,60.60607253,-0.606122685,5,0,1,14.32746238,,2,2,0.745306713,23,5,0,4.966267361,4,0,9,0,14,5,1,16.86070988,-10.04081019,1,2,
4,5,BK23,14977,0,1233.9,91.41712093,92.6,10,0,,,2,1,1,60.63142361,-0.631423611,4,1,0,11.57480035,-7.617858796,1,1,,7,3,1,1.851238426,4,0,2,1,3,1,0,19.78617284,-23.55424769,,,
5,6,BK25,43565,0,1092.3,75.94893021,89.9,45,1,65,5,8,7,1,60.58933201,-0.589857804,2,1,0,37.88769097,-39.78704861,5,5,0.141967593,70,,,,3,0,1,0,24,1,2,8.659428136,-10.32696759,1,,
6,7,BK26,28944,12,1600.4,76.75311069,86.9,41,0,30,7,6,3,3,60.65247685,-0.652476852,6,1,2,49.29895448,-54.80337963,2,2,,25,,,,1,0,4,0,23,1,1,5.384984375,,,1,
7,8,BK27,32002,0,963.8,82.26007537,88.4,48,1,36,5,6,3,3,60.55629244,-0.556292438,3,0,1,18.44463542,,2,2,,24,4,0,5.668596644,2,0,3,0,11,1,3,11.16232896,-34.48494213,2,2,0.175659722
8,9,BK28,90834,0,1020.7,85.28639985,86,99,5,88,17,16,12,3,58.89901353,-0.582062114,6,1,0,17.9208287,-29.8621875,2,2,,88,7,6,3.173715278,4,0,8,0,40,2,3,10.64240536,-52.29883102,3,2,0.062060185
9,10,BK29,61820,0,997.8,78.17960092,85.6,84,2,54,12,15,13,1,56.64647404,-0.622910434,6,2,1,35.00677778,-40.99,10,10,0.949878472,61,2,2,,1,0,6,0,25,2,3,6.349291088,-3.471828704,2,2,0.074965278
10,11,BK30,46700,0,1005.9,76.38272056,89.6,53,3,40,1,5,4,1,60.60320891,-0.603208912,,,,,,,,,44,3,1,5.039710648,1,0,3,0,23,0,7,6.892273253,,,1,0.134733796
11,12,BK31,84439,0,1105.7,81.44286341,89.6,84,0,55,17,27,19,8,60.66006559,-0.660161394,19,5,1,37.10694637,-52.48462269,3,3,0.402893519,83,6,2,8.089479167,5,3,9,1,25,2,3,10.91644338,-2.447100694,8,6,0.15619213
12,13,BK32,56422,0,2154.1,67.08561694,75.7,89,8,63,4,9,6,2,60.61781829,-0.617818287,6,3,1,38.73832176,-18.02592207,2,2,,50,4,1,8.744857253,3,2,10,0,19,1,3,12.81109341,-18.54042824,1,1,
13,14,BK33,40307,15.6,1973.3,85.70787595,91.1,89,1,50,36,18,11,5,51.67561432,-0.639031987,10,3,0,43.92482292,-74.68105324,2,2,2.703472222,49,4,3,11.86956019,10,3,19,0,28,9,1,21.1111125,-10.81033399,7,1,0.050891204
14,15,BK34,72622,0,1194.9,76.63099895,78.9,92,5,45,5,17,12,5,60.58601466,-0.58626929,8,3,0,35.77095486,-30.79309414,3,3,,71,5,2,7.10962963,1,0,3,0,17,2,0,16.46838117,-46.45138889,,5,0.125050154
15,16,BK35,66124,10.2,2571,70.59114675,86.2,117,14,87,14,16,7,9,51.89855489,-0.467424769,8,0,0,15.76116175,,2,2,,124,2,0,8.011626157,6,2,4,0,115,25,17,20.29596903,-38.8532435,2,2,0.17755787
16,17,BK37,74526,0,1263.2,57.76711867,90.8,147,6,57,32,26,20,6,60.67183845,-0.672086988,18,3,5,46.45894231,-99.95031636,3,3,,82,15,8,5.436101466,9,1,13,0,78,9,9,13.42468851,-19.04922647,3,2,0.091990741
17,18,BK38,39383,24.9,2589.4,72.43997515,91.7,75,3,47,8,35,29,6,60.66178999,-0.661965996,12,2,2,29.51574884,-23.89376157,3,3,0.189695216,87,15,6,3.147527006,5,0,6,0,56,13,9,12.74220055,-16.931866,2,1,0.090949074
18,19,BK40,22033,0,1182.4,73.04676584,93.4,38,1,11,8,3,1,1,60.8568287,-0.856828704,5,2,1,60.28809317,-64.80087963,,,,11,1,1,,2,2,2,0,10,2,0,15.31375868,-8.584918981,,2,0.276736111
19,20,BK41,37013,0,1530.7,73.70223877,84.2,29,1,50,4,11,7,3,53.37133391,-0.723764881,8,1,2,16.91696759,-4.218657407,6,6,1.279560185,29,3,2,2.622361111,1,0,3,0,16,3,1,11.38234809,-4.506902006,2,1,0.047858796
20,21,BK42,106012,0,1705.9,86.65996769,83.7,128,23,81,20,16,8,8,60.56117043,-0.561170428,19,4,2,45.05167824,-95.30421875,5,5,4.070428241,98,11,7,6.691064815,5,0,6,0,49,3,6,11.4143355,-11.76304012,2,4,0.148315972
21,22,BK43,52519,0,1446.5,86.25189853,89.9,488,79,341,25,21,15,5,55.5548251,-0.602628762,8,1,1,22.72444444,-57.99429398,4,4,,322,16,7,5.061574074,5,0,25,0,62,16,9,7.793564815,-5.706886574,2,3,0.313935185
22,23,BK44,40609,0,1060.3,77.24098653,92.9,57,0,43,5,9,8,1,60.74009693,-0.740182292,3,0,0,25.92832562,,4,4,,56,4,1,5.335081019,,,3,0,22,3,3,10.58723806,-8.242048611,3,3,0.080250772
23,24,BK45,48103,0,1217.9,90.66989578,93.1,162,0,65,15,5,4,0,51.98905324,-0.660940394,5,1,0,37.42455324,-83.06252315,2,2,,55,,,,3,0,12,0,22,1,1,13.5921278,-1.587974537,4,,
24,25,BK46,20143,0,1101,95.31762691,90.1,32,0,62,4,5,4,1,60.67199942,-0.671999421,5,1,2,21.59673997,-6.493148148,2,2,,46,1,1,,4,0,3,0,6,0,1,11.38606867,,3,,
25,26,BK50,87511,6.9,1760.7,84.81721523,88.7,124,8,108,4,4,3,1,60.73187886,-0.733499228,6,0,1,16.97640741,,2,2,,108,2,1,0.773055556,2,0,3,0,41,2,5,13.40842889,-30.97297454,5,1,0.146458333
26,27,BK58,72864,3.5,1464.8,88.35145726,90.5,101,3,94,11,9,7,2,60.70245536,-0.702455357,3,0,2,17.49591435,,,,,80,1,1,,1,0,3,0,34,2,1,10.2349009,-3.826886574,2,1,0.200821759
27,28,BK60,69695,0.5,1891.3,79.15529041,84.9,57,6,54,3,16,11,5,60.62054861,-0.621023148,16,6,2,48.99011739,-64.35948495,1,1,,90,3,2,6.823321759,7,2,6,0,62,15,6,18.01261123,-25.38388228,2,,
28,29,BK61,103735,9,2640.3,77.22013986,84.3,148,14,117,18,43,26,16,56.2479821,-1.788943056,19,7,1,46.08273727,-46.85442295,4,4,,172,13,7,4.050621142,16,1,4,0,195,26,35,17.14295418,-39.43466773,4,8,0.185793651
29,30,BK63,41128,0,1973.6,63.99929687,86.3,39,2,37,3,2,2,0,60.56357639,-0.563576389,14,2,2,19.20652296,-17.70701968,4,4,0.946157407,50,1,1,,2,1,3,0,70,9,15,13.46319481,-32.70334656,2,1,0.223773148
30,31,BK64,20228,0,1440.9,57.06434964,90.9,47,1,28,8,5,3,2,60.44940972,-0.449409722,8,2,2,25.06144483,-6.834565972,1,1,,21,2,1,,1,0,3,0,16,1,4,6.878655093,-1.711168981,,,
31,32,BK68,28721,23.1,2597.2,59.17076981,88.8,57,0,23,9,12,9,3,60.66756944,-0.668114873,7,2,0,41.90870701,-73.1784375,1,1,0.742627315,32,6,2,7.504529321,1,0,2,0,35,4,2,14.82323141,-17.21744985,,2,0.07119213
32,33,BK69,37795,0,1649.2,86.95355082,87.5,79,3,71,20,20,16,4,60.5228125,-0.522811053,14,3,0,26.65670304,-43.58582948,2,2,0.058900463,80,4,3,2.906770833,11,2,7,0,71,7,16,15.13642417,-38.21107639,3,1,
33,34,BK72,32094,8.6,1770.2,68.82637576,94.8,20,4,19,3,2,2,0,60.94745949,-0.947459491,1,0,1,,,2,2,,18,2,1,,,,4,0,5,1,0,45.88529167,-164.3277199,,,
34,35,BK73,50995,3,1511,61.26818098,86.2,162,39,55,26,19,15,4,60.68863426,-0.688854167,6,2,1,39.0417037,-40.97157986,9,9,1.669247685,88,9,6,2.916550926,12,1,7,0,37,6,5,17.92340348,-60.87830729,,3,0.131736111
35,36,BK75,71706,16.3,2479.2,85.43231239,89,124,9,97,17,17,13,3,57.42743965,-0.598457977,11,3,2,28.12643519,-17.31585648,7,7,,104,4,3,0.635763889,4,1,7,0,116,13,9,14.7988334,-22.35309896,3,2,0.102980324
36,37,BK76,32185,0,934,85.12361599,81.1,56,3,41,23,8,5,3,60.70407986,-0.704079861,12,2,0,25.62122589,-21.87971644,5,5,1.862997685,43,3,1,6.791493056,4,1,17,0,52,18,9,34.06066098,-51.618654,2,9,0.177256944
37,38,BK77,63458,0.9,2380.8,71.85791536,69.2,213,37,46,14,10,8,2,60.51185909,-0.511859086,13,0,1,9.898278935,,2,2,0.499623843,50,5,2,2.682199074,5,2,4,0,123,21,29,17.71060585,-28.89941581,1,2,0.192268519
38,39,BK78,75202,11.9,2688.2,85.35777645,80.3,196,20,72,13,19,14,3,53.11867901,-0.675549323,12,1,1,24.45265046,-24.12665509,4,4,,115,2,2,,6,1,9,0,142,21,22,18.28889299,-40.80019737,4,5,0.109743056
39,40,BK79,32427,7,3168.6,85.06044909,85.9,75,5,56,6,1,1,0,60.63197917,-0.631979167,9,2,3,57.59946373,-91.77760417,,,,87,2,0,,2,0,2,0,65,6,8,11.08514173,-15.94991898,,,
40,41,BK81,61161,29.7,3277.2,78.66441381,87.5,69,5,57,7,7,5,1,50.64662616,-0.566930556,8,2,0,32.8165625,-54.68774306,3,3,,54,3,1,0.186458333,,,4,0,51,7,5,15.55921942,-34.1327662,,,
41,42,BK82,91139,14.8,2863.7,80.72112487,89,215,38,169,6,22,12,9,57.16414886,-3.239539931,7,2,1,24.77451003,-4.103582176,,,,158,9,6,3.45509838,3,1,10,0,80,12,11,15.96909001,-32.47700463,1,3,0.107434414
42,43,BK83,47199,0,2172.1,82.29301307,84.5,198,38,44,8,10,7,3,60.8022371,-0.802237103,2,1,0,19.21264468,-4.457349537,2,2,,50,7,5,2.476655093,1,0,2,0,30,3,0,15.76141244,-33.0301196,1,4,0.445636574
43,44,BK85,30594,7.4,3064.7,82.57130252,86,60,6,27,1,4,3,0,47.27489583,-0.716010802,5,1,0,53.33962269,-157.0209954,,,,46,1,1,,1,0,4,0,35,4,3,12.86531576,-28.42159722,,2,0.071712963
44,45,BK88,109422,0,1105.7,62.95871663,90.1,126,7,152,13,8,4,3,49.3026088,-0.540101273,6,1,1,25.68972917,-9.980173611,2,2,,61,6,1,4.511634259,6,0,5,0,31,2,4,12.63795183,-10.72329282,4,1,
45,46,BK90,34105,9.8,1627.5,104.1815243,85.1,77,5,53,19,11,10,1,60.62034028,-0.62033912,8,1,1,21.67328042,-25.6462963,5,5,,46,2,0,5.057418981,1,0,3,0,38,11,8,21.29792953,-55.7145162,1,6,0.056863426
46,47,BK91,51723,0,1513.8,66.82806297,88.1,70,0,68,6,3,2,1,60.66581597,-0.665815972,5,1,0,36.89485243,-55.93849537,2,2,,70,1,1,,1,0,2,0,45,5,1,15.12899362,-35.6110463,,,
47,48,BK93,12854,4.8,2818.1,100.9388429,95.2,3,0,,,1,1,0,60.64152778,-0.641527778,2,0,0,9.443061343,,,,,,,,,,,2,0,2,0,1,2.623802083,,,,
48,49,BK95,28357,0,2033.2,104.0452786,82.3,37,9,53,3,4,3,1,60.5576659,-0.557665895,4,2,0,46.64701968,-55.84110532,3,3,,60,2,2,,2,0,4,0,39,2,4,9.9396967,-23.37265625,,2,0.729768519
49,50,BK96,55669,0.5,1758.3,77.53109054,84.6,58,5,73,8,4,2,2,60.63447917,-0.634479167,9,3,0,41.26241512,-59.0992091,1,1,0.233761574,73,4,1,,,,2,0,69,7,12,11.94237195,-23.44663194,3,4,0.229756944
50,52,BX01,33205,36.1,4221.4,81.62799765,87.7,35,2,17,1,5,3,2,60.58011574,-0.580505401,3,0,0,6.826157407,,,,,16,2,1,7.006168981,,,1,0,27,2,8,4.927056944,-4.408854167,2,2,0.265434028
51,53,BX03,35367,15.9,2158.7,84.23912393,89.2,59,10,44,1,3,3,0,60.54893904,-0.548939043,2,0,1,24.86349537,,1,1,,45,1,1,,5,1,,,26,0,1,9.417148148,,1,,
52,54,BX05,53362,0,2619,73.291814,82.2,120,30,28,13,8,4,4,60.64261285,-0.642612847,5,2,0,80.57205787,-145.9744676,4,4,0.589201389,37,3,2,,3,0,4,0,67,0,26,3.739663387,,2,5,0.141617477
53,55,BX06,27395,0,3467.3,71.87920422,83,61,10,15,8,10,6,3,52.93956211,-0.551356481,2,0,0,21.03936921,,5,5,,17,1,0,8.164699074,2,0,2,0,45,0,16,1.866764178,,,,
54,56,BX07,35587,12.9,2250.9,80.34245453,81.6,39,4,21,3,5,3,2,60.22294367,-0.222943673,5,1,0,51.99784028,-160.7191898,5,5,,36,1,1,,,,1,0,42,1,14,7.053211806,-1.236064815,1,2,0.208744213
55,57,BX08,36844,9,2183.2,72.14235926,78.4,113,26,14,7,3,0,3,,,1,0,0,7.77443287,,1,1,,29,1,0,12.2125,4,0,,,30,1,4,18.06319604,-313.4059838,,,
56,58,BX09,55256,21.1,2114,70.61331319,89.4,64,11,26,,7,6,1,60.50289352,-0.502978395,6,0,0,11.64284529,,,,,39,3,1,0.194722222,2,0,,,32,2,4,10.01438404,-3.483391204,2,2,0.270497685
57,59,BX10,26963,0.7,1289.2,71.63651304,93.3,34,1,28,11,8,2,3,29.83019907,-0.439537037,4,0,1,19.85195216,,3,3,,94,,,,1,0,8,0,86,3,22,5.679014137,-2.614768519,,3,0.017469136
58,60,BX13,47442,2.9,1633.8,79.76879089,92.5,23,1,26,2,5,5,0,60.7301412,-0.730136574,5,2,0,75.83184491,-118.4728704,2,2,,16,4,2,4.574097222,3,1,2,0,11,0,0,8.875,,2,,
59,61,BX14,64821,4.2,2835.3,80.62822087,84,163,28,19,9,7,6,1,60.64220872,-0.64220679,10,1,4,21.76421103,-15.93186343,1,1,2.342152778,32,3,1,7.089797454,5,1,,,79,2,31,4.465314751,-4.825601852,1,4,0.245902778
60,62,BX17,43878,3.8,3830.6,71.43479544,84.7,103,14,23,6,4,2,2,60.5689294,-0.568929398,9,2,1,41.57597367,-81.4340162,1,1,,25,1,1,,3,0,2,0,64,3,22,5.501538418,-5.092611883,2,3,0.268094136
61,63,BX22,27264,0,1158.6,81.74827215,94.7,44,0,19,5,1,0,1,,,4,1,1,33.24669753,-41.88659722,1,1,,22,4,1,4.093699846,,,1,0,9,1,0,14.1961541,,3,,
62,64,BX26,38793,5.7,3134.9,82.56500469,85.3,191,83,18,6,4,4,0,60.60515914,-0.605159144,2,1,0,86.82902778,-41.82902778,1,1,,20,1,1,,,,2,0,38,2,11,9.987574588,-13.97785301,2,,
63,65,BX27,26780,4.6,3492.1,79.75951354,82.7,79,14,27,3,3,1,1,60.66820602,-0.668206019,4,2,1,35.50903935,-9.915439815,1,1,,29,3,3,,2,0,5,0,37,1,11,7.521295653,-1.84662037,,,
64,66,BX28,49787,1.5,2020.1,66.24145228,81.9,116,18,10,8,10,4,3,35.73808532,-0.697337963,10,2,3,28.57506614,-22.63398148,3,3,,32,3,1,4.741371528,3,0,,,42,2,15,12.13199371,-69.67340278,3,,
65,67,BX29,31434,2.4,1441.9,86.48028677,92,60,3,15,6,7,3,2,36.68944444,-0.648329475,6,1,1,36.51978472,-88.86822917,3,3,,27,8,4,2.148165509,3,0,4,0,24,1,4,8.418195087,,,,
66,68,BX30,30088,1.5,2588.6,62.76742786,80.9,99,17,6,3,3,2,1,60.68392361,-0.683923611,2,1,0,29.43320023,-15.14167824,2,2,,30,5,5,,,,2,0,20,0,7,7.297311769,,,3,0.089702932
67,69,BX31,33848,6.1,1745.7,84.1526589,90.9,78,6,26,2,4,4,0,60.5874537,-0.587453704,1,0,1,,,1,1,,39,4,1,2.825815972,,,1,0,26,0,4,7.345279167,,2,,
68,70,BX33,27438,4.7,3504.8,77.9157237,83.5,28,1,10,2,3,1,1,35.54026042,-0.433796296,2,0,0,9.007210648,,1,1,,22,3,2,1.902592593,,,,,33,0,6,5.126259766,,,2,0.085549769
69,71,BX34,40426,24.5,3972.5,77.52470574,83.9,49,3,18,,7,4,3,60.58219039,-0.582612847,3,2,0,59.72348765,-35.97703125,3,3,,15,7,3,1.415503472,2,0,3,0,34,0,8,7.724665845,,1,2,0.336956019
70,72,BX35,39894,14.9,3524,81.46312049,85.8,64,12,23,8,5,3,2,60.47554012,-0.475760031,3,0,0,24.02234568,,1,1,,37,3,0,1.61037037,1,0,3,0,55,2,13,6.639585185,-19.06761574,2,6,0.120565201
71,73,BX36,52773,4.9,3209,69.32431031,82.2,193,33,18,5,4,3,1,60.65179012,-0.651790123,5,2,0,65.29250926,-96.73545139,4,4,0.19595679,27,1,0,14.82195602,2,0,2,0,45,0,12,5.988470699,,,2,0.439027778
72,74,BX37,30617,0,1814.7,81.04794877,83.9,71,7,36,4,11,8,3,60.67583189,-0.675831887,6,1,1,29.11026389,-16.9515625,1,1,,75,3,2,0.068981481,2,0,2,0,43,0,2,7.489530805,,,,
73,75,BX39,54487,32.3,4175.9,85.80134032,81.4,109,11,35,8,15,11,3,55.59988812,-0.569612795,7,1,0,17.98320106,-29.13925926,2,2,1.07556713,29,2,1,5.787465278,1,0,4,0,32,1,7,8.754638117,-5.477835648,5,1,0.073773148
74,76,BX40,26690,3.3,3255.8,86.75102305,79.8,57,10,9,1,2,1,1,60.48400463,-0.48400463,5,1,0,29.15278935,-45.6178125,4,4,,17,,,,1,0,,,44,0,25,3.623367209,,,4,0.142575231
75,77,BX41,52999,0,3191.7,75.35894108,83.4,153,21,18,13,6,3,3,60.71907022,-0.7190625,4,2,1,114.530787,-115.4700694,3,3,0.469421296,33,4,2,1.093599537,1,0,1,0,50,1,17,5.828853935,-12.08885417,1,5,0.05615162
76,78,BX43,41804,0,2761,83.01801009,84.6,127,22,18,4,6,4,1,49.4480787,-0.566869213,12,6,0,40.13570698,-26.56577353,2,2,0.560983796,44,3,2,5.805729167,3,2,1,0,48,1,20,6.121897163,-50.98988426,3,1,
77,79,BX44,61934,2.4,2582.2,66.84377308,86.2,127,13,56,3,8,4,3,50.96039815,-0.70322338,7,3,0,71.66593089,-100.8714699,,,,106,3,1,7.393304398,4,0,5,0,57,1,7,8.97117434,-2.414837963,1,2,0.017488426
78,80,BX46,29368,0,1608.4,66.14680642,89.3,11,0,,,2,1,1,60.58607639,-0.586076389,5,1,0,41.02342593,-97.83023148,1,1,,6,3,1,8.119739583,2,0,,,6,1,1,17.0656684,-7.794837963,2,,
79,81,BX49,29911,0,1538,62.9688018,86.8,53,7,22,5,18,8,10,60.89375579,-0.894199942,9,1,0,21.79057485,-10.76599537,4,4,0.062453704,28,2,1,0.028912037,3,0,1,0,32,0,11,5.366640158,,,2,0.239560185
80,82,BX52,49311,7.5,1386.2,79.54288152,90,69,2,37,5,6,4,2,60.46592978,-0.46900463,1,0,0,15.82153935,,1,1,,94,2,1,1.777083333,3,0,4,0,37,1,8,9.32105754,-21.23630787,,,
81,83,BX55,36966,10.3,2060.7,73.80718122,78.9,96,20,10,4,4,3,1,60.64339506,-0.643395062,4,2,1,101.0630324,-99.82630208,8,8,,52,3,1,2.1421875,,,,,40,0,7,5.732398208,,2,3,0.437696759
82,84,BX59,27952,0.5,1987.2,77.45004842,85.7,38,3,27,6,8,6,0,45.52206597,-0.65699267,5,1,0,29.70384028,-71.20184028,3,3,,40,1,1,,1,0,3,0,24,3,6,11.18171402,-11.4973804,1,,
83,85,BX62,44266,0,1535,87.19764905,86.2,133,10,57,9,6,2,4,60.59356481,-0.593564815,4,2,1,61.70271605,-54.61645833,3,3,0.209282407,65,4,2,1.89134838,5,2,3,0,25,0,6,6.420805976,,,2,0.087407407
84,86,BX63,37852,0,3005,81.24912307,82.6,94,14,9,6,8,8,0,60.52187934,-0.522025463,7,0,1,21.31937693,,3,3,,24,5,3,6.030601852,2,0,,,47,3,12,12.61713642,-49.07971451,1,5,0.040814815
85,87,BX75,20756,4.3,3516.5,77.53109054,85.4,59,8,15,,4,4,0,60.501875,-0.502473958,5,0,0,22.16652083,,,,,16,,,,3,0,1,0,24,5,2,17.29871287,-12.56777546,1,,
86,90,MN01,51422,8.6,1641.4,70.88610583,82.9,147,39,12,15,22,11,10,57.12337384,-0.700673401,3,0,0,21.35991898,,4,4,4.662876157,47,2,1,0.015115741,5,1,3,0,63,2,18,12.67800048,-205.8703356,2,4,0.077540509
87,91,MN03,81355,18.1,2897.5,69.25857348,84.7,117,11,29,14,16,13,2,63.47175837,-5.241281161,30,4,6,25.76684076,-43.5528588,4,4,0.830983796,88,9,7,6.637337963,3,0,4,0,101,8,22,10.49826746,-12.1093039,5,1,0.036666667
88,92,MN04,51644,0.9,1904.8,75.08428597,81.8,186,32,20,17,10,7,2,53.68232784,-0.614103836,40,4,20,18.09373438,-6.203755787,9,9,1.050248843,47,2,2,,8,0,3,0,79,1,21,7.320085185,-0.533402778,4,2,0.163587963
89,93,MN06,23155,11.7,1772.9,63.60227983,83.1,71,13,9,7,11,10,0,56.32688763,-0.349121528,6,1,1,15.34448495,,5,5,,9,,,,,,2,0,34,1,14,5.070270448,-3.464594907,,3,0.087268519
90,94,MN09,55450,8.1,1429.5,65.79088083,92.6,44,6,12,28,17,9,7,56.93508912,-0.592278807,10,1,2,22.8201331,-53.6524537,2,2,,35,6,5,,3,0,2,0,80,4,38,5.797938047,-11.3319213,1,2,0.039010417
91,95,MN11,48596,7.9,2221.6,72.09687927,89.1,110,11,31,14,24,19,4,57.5992288,-0.563364198,21,3,9,33.86216049,-53.70643519,2,2,0.583784722,70,8,6,6.989398148,7,0,3,0,78,2,19,10.79763889,-126.3337384,1,3,0.259340278
92,96,MN12,136740,5.5,1048.8,70.16979407,92.4,126,4,38,110,40,32,6,55.94693603,-0.749681526,37,4,5,20.13914569,-18.01561343,7,7,,82,24,13,5.945996817,25,1,9,0,150,12,44,7.559735153,-6.855739583,14,,
93,97,MN13,76034,5.8,1188.1,79.56846109,93,171,7,55,69,83,63,19,60.60815413,-0.943168017,29,3,9,19.40182986,-19.6455787,7,7,,98,50,22,3.602577496,14,1,13,1,42,6,1,17.43066001,-17.27584028,3,8,0.045418981
94,98,MN14,59654,4.4,697.4,70.47545672,95.9,63,0,11,38,22,19,3,60.65985725,-0.659855967,23,5,5,39.39870177,-52.11015278,4,4,2.055243056,30,13,8,2.384324074,9,1,14,1,45,6,9,10.73091885,-14.0273669,3,,
95,99,MN15,41972,1.6,1285.8,75.77836103,88.2,92,2,52,37,47,34,13,60.60031069,-1.164071181,25,7,2,26.86960698,-18.65830853,3,3,,58,21,13,5.612041997,10,1,10,0,61,2,11,7.532533069,-5.316377315,4,9,0.057785012
96,100,MN17,28305,0,890.6,80.06147638,93.6,236,2,21,62,101,63,37,58.78124042,-0.638685783,37,8,7,33.76438426,-55.56139468,22,22,0.193923611,47,44,25,4.230709325,15,1,20,0,32,4,2,12.04799989,-10.04663194,3,2,0.169988426
97,101,MN19,48998,0,563.3,71.1730286,96.1,119,4,19,38,40,34,6,60.67349151,-0.673667579,7,1,0,14.20472884,-1.920381944,16,16,0.205706019,31,16,11,5.378393519,5,1,8,1,27,2,1,9.022184481,-5.2559375,1,5,0.105694444
98,102,MN20,47514,1.8,1225.1,76.95141324,94.3,84,3,24,22,35,25,9,58.27482454,-0.659384163,9,3,1,59.74337818,-101.6374691,22,22,1.4115625,49,19,11,3.626724537,2,0,4,0,31,4,5,14.40654259,-15.46278935,,2,0.108721065
99,103,MN21,27396,0,1138.9,73.6738081,94.4,59,3,11,19,28,19,9,60.52894128,-0.529031433,58,1,48,16.28470833,-7.020196759,,,,25,9,7,4.866880787,3,0,4,0,19,1,7,8.117932581,-7.388275463,2,1,0.187326389
100,104,MN22,43402,1,1310.2,83.35628351,90.3,83,1,24,40,33,24,9,60.61741798,-0.617475845,32,8,4,36.99288401,-45.44047598,8,8,,55,10,5,2.520719907,7,2,6,0,74,10,17,11.75155382,-15.90081845,3,8,0.138410494
101,105,MN23,67521,0,511.9,74.44541625,95.6,134,2,47,70,61,46,15,60.64930864,-0.649388374,26,4,4,23.35090333,-10.32181713,11,11,0.683652778,71,22,15,5.736608796,17,0,17,0,69,9,12,13.06200033,-19.66928241,2,3,0.043061343
102,106,MN24,42082,0,674.7,74.90587427,94,135,0,72,63,56,41,13,60.60050172,-0.658235659,15,3,3,26.84853202,-29.73572145,9,9,,84,20,14,8.473993056,9,0,14,0,63,6,16,8.547333382,-14.82521991,5,2,0.086284722
103,107,MN25,42485,0,910.8,84.90453463,94.5,63,0,18,29,25,20,4,58.29645023,-0.618838938,17,1,5,21.45381103,-42.80421296,5,5,3.022612847,20,20,11,5.208919271,7,1,9,0,17,2,1,21.46938272,-38.18416088,2,2,0.064560185
104,108,MN27,45091,12.7,1181.9,61.59310026,84.8,80,5,33,26,31,24,5,58.04013937,-1.04202496,8,1,1,23.07820933,-49.77681713,10,10,2.926350309,43,10,5,3.447247685,6,2,2,0,44,5,15,16.07992969,-37.19777778,,,
105,109,MN28,74835,32.9,2056,80.48875698,90,92,5,20,18,10,7,2,53.09274161,-0.606494709,14,2,3,29.92582807,-29.08140046,2,2,0.109490741,37,6,2,5.846788194,8,0,7,0,77,10,23,20.61205919,-58.37575463,1,9,0.026085069
106,110,MN31,79735,0.2,789.9,80.29769611,95,54,1,11,39,28,22,4,57.72382771,-0.566398148,15,7,1,85.99580395,-104.2855274,6,6,,44,11,7,4.376203704,6,1,5,0,47,8,7,13.01523438,-32.98146701,2,2,0.086765046
107,111,MN32,80887,2.7,765.5,61.13689557,93.4,52,1,9,43,18,15,3,60.66115201,-0.661827932,14,4,3,44.02502104,-46.10769097,2,2,0.738946759,44,5,4,7.763900463,9,0,10,0,94,5,13,9.099257586,-22.37212674,6,3,0.06630787
108,112,MN33,58618,25.2,2455.2,66.22809072,85.3,56,4,22,11,11,9,1,54.23737011,-0.662207755,13,0,8,24.34031713,,3,3,0.449128086,38,2,1,9.998831019,2,0,6,0,42,1,9,3.463883571,-9.625949074,4,5,0.207158565
109,113,MN34,60405,31.9,3113,84.62363736,84.7,67,4,17,18,21,14,6,58.8543588,-0.655037202,12,1,1,18.69291877,-16.67206019,3,3,,74,12,7,8.425367477,2,0,6,0,50,3,13,8.02161714,-7.235243056,2,2,0.121915509
110,114,MN35,73704,0,1340.9,88.39954751,86.6,188,41,19,36,9,7,1,52.08262897,-0.650424383,53,0,42,11.83740741,,4,4,1.262152778,63,4,2,0.0471875,6,0,5,0,65,3,14,7.278124638,-4.65744213,6,4,0.033368056
111,115,MN36,89251,1.8,1761.2,87.90955579,81.5,192,27,21,21,12,9,3,60.5800434,-0.580043403,17,2,2,23.62146296,-25.10342014,10,10,2.349537037,71,8,5,3.440416667,6,0,3,0,89,2,26,7.8561073,-3.50837963,2,13,0.111539352
112,116,MN40,58760,0,533.2,76.8631251,97.6,97,2,21,46,25,16,8,60.56851003,-0.568695988,14,2,4,30.48346759,-62.98677083,2,2,,50,7,3,5.094858218,15,3,11,0,33,2,2,11.66322717,-34.5384838,1,1,0.0928125
113,117,MN50,21761,0,679.2,77.53109054,93.2,5,0,3,2,1,1,0,60.3733912,-0.374652778,2,0,1,15.68872685,,,,,9,2,1,3.056770833,2,2,3,0,,,,,,,,
114,119,QN01,44116,5.4,2526.3,88.76435095,84.8,91,12,74,5,3,1,2,60.34311343,-0.343113426,6,2,4,98.99438079,-61.49443866,1,1,,98,2,1,0.0396875,1,1,2,0,43,1,5,7.907019824,-4.288715278,,1,0.013020833
115,120,QN02,27396,0,1801.6,95.46177245,90.4,46,2,29,1,4,2,2,60.71364005,-0.714525463,3,0,1,7.982199074,,,,,44,1,1,,1,0,1,0,16,3,0,16.57076582,-12.87870756,,,
116,121,QN03,21160,0,1504.7,92.93718309,89.6,37,0,41,3,7,6,1,60.63143711,-0.631433256,1,0,0,3.777106481,,4,4,,23,1,1,,1,1,3,0,12,1,1,16.17030382,-13.31201389,2,,
117,122,QN05,26989,0,1251.3,69.19429167,89.1,71,1,30,1,2,2,0,60.36183449,-0.361834491,1,0,0,42.55166667,,,,,55,,,,,,3,0,14,2,0,10.4491369,-4.99255787,3,,
118,123,QN06,25818,0,1000.2,81.41044159,89,61,0,29,3,2,2,0,60.52661458,-0.526614583,3,2,0,37.94255015,-20.19160301,1,1,,43,,,,,,2,0,7,0,1,11.52907215,,1,1,0.976157407
119,124,QN07,21294,0,1628.1,95.3990566,85.2,47,2,26,1,,,,,,2,0,0,4.086903935,,,,,40,1,1,,,,,,15,0,2,7.358514957,,3,2,0.093171296
120,125,QN08,53797,0,1700,80.06703441,87.4,139,11,88,4,7,2,5,60.79271991,-0.792719907,5,1,0,38.66334491,-30.10421296,,,,142,2,1,2.6825,1,1,7,0,58,2,7,8.710783476,-18.26481481,3,,
121,126,QN10,28972,0,1283,64.47604206,92.5,109,0,43,5,8,8,0,60.57338108,-0.573381076,10,4,2,57.6599566,-57.44600116,5,5,3.131840278,34,3,1,9.311903935,11,1,5,0,11,5,0,29.54365972,-11.90364815,7,3,0.058865741
122,127,QN12,36226,23.2,2021.8,66.09576386,88.4,79,5,45,5,2,2,0,60.61551505,-0.615515046,4,2,0,70.45270544,-64.93184028,1,1,0.106435185,44,1,1,9.206585648,8,1,4,0,21,1,0,16.46381338,-4.540891204,2,1,0.125717593
123,128,QN15,52266,2.8,2005.1,78.92312716,86.5,81,1,40,3,8,7,1,60.60997024,-0.609970238,3,0,1,13.05199074,,1,1,,36,2,1,6.963912037,3,1,3,0,22,3,1,15.46491127,-16.69225694,4,1,0.294363426
124,129,QN17,85251,0.9,1034.8,82.70362749,91.3,128,3,44,31,25,15,9,57.7466466,-0.584895833,16,2,2,17.35923967,-19.1692419,6,6,0.86099537,91,9,4,2.426659722,5,2,7,0,23,1,1,13.00675265,-34.35729167,3,3,0.028665123
125,130,QN18,26490,0,975.8,74.4172695,86.5,48,0,14,4,5,4,0,48.43925694,-0.528990162,2,1,0,29.03652199,-2.952407407,3,3,,25,4,2,6.463402778,3,0,3,0,6,1,0,14.66603877,-6.43306713,1,1,0.071655093
126,131,QN19,32778,0,1257.4,77.77551028,87.9,73,1,44,6,9,8,1,60.62590856,-0.625907118,,,,,,3,3,0.14724537,32,2,1,,3,0,7,0,19,0,3,8.70177392,,3,1,0.021446759
127,132,QN20,70234,0,1429.5,83.0560654,79,148,10,94,11,11,9,2,60.78944959,-0.789449588,9,3,0,66.83754115,-115.9624306,3,3,,116,1,0,0.022627315,5,1,7,0,92,3,17,8.927290654,-12.83881366,2,2,0.152777778
128,133,QN21,38169,0,1221.9,100.7523697,90.7,82,0,35,1,8,5,3,60.54950694,-0.5495,5,3,0,54.28110417,-48.03314429,,,,46,3,1,6.504756944,5,0,4,0,15,1,1,10.14022652,-0.599097222,1,1,
129,134,QN22,70193,2.6,1013.4,73.45175287,75.1,78,2,29,12,34,23,7,55.75142037,-0.61480777,9,1,2,26.47377315,-32.84861111,13,13,,70,13,6,3.834447751,3,0,9,0,12,1,1,9.078764731,,1,2,0.106689815
130,135,QN23,25113,0.1,1206.1,85.57277604,81,43,2,29,33,8,4,3,55.08753009,-0.690931713,8,4,0,75.06449508,-91.3070544,1,1,,57,2,2,,4,2,5,0,10,1,0,11.625,,1,4,0.098032407
131,136,QN25,57150,0,1690.2,109.8095624,72.7,96,19,21,3,3,3,0,60.46645833,-0.466458333,6,1,3,72.00819059,-142.5227199,,,,32,1,0,9.908668981,1,0,6,0,30,2,3,13.00278704,-5.192928241,1,2,0.032303241
132,137,QN26,53290,0,1143.1,87.1705799,58.5,113,28,15,10,6,5,1,60.71241667,-0.712414352,,,,,,1,1,1.915324074,112,1,0,,,,4,0,13,0,4,5.23775463,,,1,0.047951389
133,138,QN27,22716,0,1772.7,88.02488285,73.9,55,13,26,3,4,2,1,60.65902199,-0.659021991,1,0,0,7.965555556,,,,,62,1,1,,1,0,,,15,1,1,10.40687731,,1,1,0.302430556
134,139,QN28,105083,0,1000.3,94.50777746,76.7,123,12,66,15,25,17,7,57.43169174,-0.64880787,9,2,0,23.26892876,-20.94464699,4,4,,114,14,8,2.528292824,7,0,5,0,26,1,4,8.135333995,,3,11,0.070083591
135,140,QN29,87373,0,1044.1,76.76451003,72.6,105,4,44,9,16,9,7,54.37025977,-0.703591821,8,1,1,18.4805043,-6.608460648,3,3,,93,7,3,5.976415895,3,0,1,0,37,3,5,14.2397607,-33.97369213,,8,0.044953704
136,141,QN30,26608,0,1299.8,75.99546039,83,96,4,34,7,8,5,1,46.78652116,-0.613,,,,,,,,,45,2,1,8.961539352,1,0,6,0,33,2,3,10.38233796,-2.007100694,,1,0.153460648
137,142,QN31,63936,0,1148.9,99.09772954,78.4,163,3,58,27,23,20,2,58.45949956,-0.66521875,13,3,2,54.81259996,-127.1986613,5,5,,69,10,4,8.54225463,9,0,14,0,39,5,8,11.33843224,-11.62443673,2,4,0.225648148
138,143,QN33,19688,0,1120.4,76.01907655,89.5,54,1,23,15,4,3,0,60.57448302,-0.574483025,,,,,,,,,31,,,,1,0,6,0,14,0,1,9.043323413,,1,,
139,144,QN34,56705,0,1351.5,76.85180544,86,116,3,75,5,4,2,2,60.56762731,-0.567627315,5,1,0,13.52778241,-1.600590278,,,,79,,,,3,0,4,0,36,1,2,9.294369213,-7.992465278,,,
140,145,QN35,40027,0,1246.5,71.6942815,80.1,73,0,33,2,6,5,1,60.64694444,-0.647212963,3,0,0,14.27979552,,1,1,2.09693287,72,1,0,,2,0,1,0,23,2,2,14.32633938,-3.326059028,1,4,0.078148148
141,146,QN37,38081,0,996.6,64.8748025,90.6,58,1,39,2,4,4,0,60.86260417,-0.862604167,1,0,0,3.495162037,,6,6,0.133310185,58,1,1,,,,3,0,15,1,0,9.761969246,-10.50924769,2,,
142,147,QN38,33925,12.6,1306.6,77.61771705,91.4,73,0,20,3,6,5,1,60.71396528,-0.715011574,4,1,1,34.81993441,-10.86575231,1,1,,60,5,3,6.823483796,,,,,7,0,0,9.142857143,,2,,
143,148,QN41,18074,0,814.5,76.61709992,85.5,31,0,13,2,4,2,2,60.55122106,-0.551221065,2,0,0,6.723200231,,1,1,1.007094907,12,3,2,3.436493056,,,,,3,0,0,9.721616512,,1,,
144,149,QN42,28103,0,838.1,68.50036496,88.4,26,0,20,2,3,2,1,60.59056713,-0.59056713,3,0,0,6.72646412,,,,,14,3,1,0.639241898,3,0,2,0,6,1,0,12.27259452,-10.62615741,2,,
145,150,QN43,26609,0,1140.3,70.07567338,91,44,1,20,5,5,2,2,44.37846836,-0.677939815,,,,,,,,,35,1,0,5.099791667,1,1,1,0,7,1,1,10,-1.153773148,1,1,0.021585648
146,151,QN44,22327,0,774.7,73.33668932,92.7,48,0,19,2,6,3,1,45.94360822,-0.648383488,2,0,1,13.4493287,,,,,27,,,,,,2,0,9,1,1,19.21046152,-27.31372685,,,
147,152,QN45,25490,0,781.4,72.48172183,89.3,84,1,22,4,6,5,1,60.72308796,-0.723108796,,,,,,,,,43,3,1,4.358130787,1,0,5,1,10,0,0,11.55555556,,2,,
148,153,QN46,46667,0,764.7,77.29760669,89.3,93,3,36,8,5,3,2,60.61566744,-0.615667438,4,1,1,22.49751929,-10.74497685,1,1,,63,4,0,0.035138889,3,1,2,0,11,0,0,12,,3,4,0.100792824
149,154,QN47,22060,0,916,77.30090556,94,32,2,8,3,6,3,3,60.53138503,-0.533364198,3,0,1,5.427916667,,,,,13,1,1,,1,0,,,5,0,1,6.630590278,,1,,
150,155,QN48,20999,0,751.1,75.90092226,87.3,64,1,23,1,5,5,1,60.60301157,-0.603011574,2,0,0,19.94234954,,,,,26,3,0,4.765405093,1,0,1,0,8,0,0,6.125,,1,,
151,156,QN49,31948,0,874.9,92.11677372,90.5,76,0,46,9,5,3,2,60.49502315,-0.495023148,,,,,,2,2,,40,1,0,4.349444444,4,0,3,0,12,0,1,8.940618056,,3,2,0.114837963
152,157,QN50,26340,0,711.6,86.26465093,76.3,103,2,24,7,7,4,3,60.62515046,-0.625147569,,,,,,1,1,,27,1,1,,,,1,0,29,1,13,3.476349451,,,2,0.065300926
153,158,QN51,51994,0,875.1,91.59852619,78.4,72,0,35,9,6,2,4,60.46055556,-0.460555556,1,0,0,29.81403935,,8,8,1.990445602,45,2,2,,2,0,3,0,8,0,1,7.352260251,,3,1,0.176574074
154,159,QN52,27012,0,865,76.5695762,76.4,24,2,27,2,1,0,1,,,2,0,0,13.41054977,,2,2,,41,1,0,8.00537037,,,,,4,0,1,4.883668981,,,1,0.06943287
155,160,QN53,61278,0,1505,76.26899763,84.5,130,14,55,9,4,4,0,60.72748553,-0.727482639,1,0,0,17.73939815,,1,1,,121,1,0,8.861608796,1,0,3,0,33,0,7,6.9904966,,1,4,0.044563079
156,161,QN54,64049,0,1421.9,73.90778038,81.6,127,18,88,5,9,6,3,60.78722415,-0.787222222,5,1,2,21.58011188,-0.442881944,,,,98,6,3,9.501846065,2,0,4,0,34,0,2,6.988621984,,2,10,0.064538323
157,162,QN55,83286,0,1454.9,67.44397675,81.5,142,14,101,10,8,5,3,60.69484954,-0.694849537,7,2,1,52.09702932,-84.76769097,1,1,0.954502315,133,5,1,8.939467593,2,0,6,0,41,0,7,6.556772052,,2,11,0.078126286
158,163,QN56,22856,0,1441.3,78.21208347,87.1,37,5,36,3,7,4,2,60.76923611,-0.769236111,,,,,,2,2,0.136354167,42,2,1,3.125150463,,,,,20,0,2,5.505375579,,2,,
159,164,QN57,28742,0,1235.6,71.00992888,93.3,83,3,35,3,5,3,2,60.43581019,-0.435810185,5,2,0,76.46659491,-112.3279456,1,1,,49,10,7,9.139753086,2,1,3,0,20,1,7,8.204952418,-16.20732639,2,,
160,165,QN60,23145,0,1256.4,81.56384003,90.3,59,0,14,7,7,6,1,60.63649306,-0.637318673,4,0,1,12.8533912,,1,1,,21,4,1,2.680779321,4,0,,,9,0,0,4.757262088,,2,1,0.227731481
161,166,QN61,54198,1.1,1728.4,92.42959483,78.8,93,8,116,9,16,11,5,60.62160248,-0.621837121,7,3,1,30.3203588,-10.36636574,1,1,,146,7,3,8.719205247,3,1,8,0,36,0,8,7.861603209,,2,2,
162,167,QN62,21727,0,710.7,81.23459854,78.1,35,1,19,2,3,2,1,60.78219907,-0.782199074,,,,,,,,,29,1,0,5.165497685,1,0,3,0,12,1,0,16.66666667,-11.42832176,1,,
163,168,QN63,45804,0,1269,97.64046292,76.4,74,2,42,2,12,9,3,60.70227495,-0.702273663,4,0,1,14.35317901,,4,4,1.619016204,42,5,3,5.840555556,1,0,2,0,17,0,1,6.177516835,,1,4,0.115239198
164,169,QN66,26847,0,1301.1,64.25130349,89.2,61,4,39,3,1,0,1,,,,,,,,,,,40,3,1,,,,,,19,0,1,11.44554977,,1,,
165,170,QN68,18393,46.6,2700,74.25543751,81.8,27,1,24,7,5,3,1,49.01599248,-0.712561728,3,3,0,56.68991898,-21.69004244,1,1,0.082372685,18,,,,3,0,10,0,11,0,3,6.390906636,,,3,0.04619213
166,171,QN70,77095,7,1281.1,69.45437351,81.3,74,1,56,12,26,22,4,60.58866635,-0.588665299,6,1,0,18.21071759,-7.035196759,41,41,1.540476852,89,14,11,4.635381944,3,1,2,0,49,1,6,8.317387015,-4.565092593,3,3,0.027905093
167,172,QN71,29149,10.9,1955.3,77.53109054,80.7,47,0,29,3,2,2,0,60.71370949,-0.713709491,3,0,0,13.27435957,,,,,29,,,,2,1,3,0,8,0,1,9.884962384,,,1,
168,173,QN72,47980,0,1185.6,82.66341391,84.5,62,0,49,8,16,9,7,60.76485468,-0.764854681,4,0,0,7.533920718,,8,8,3.71525463,53,8,1,6.20472608,4,2,4,0,30,0,9,9.137558835,,2,2,0.052395833
169,174,QN76,37155,2.6,2030.9,77.53109054,87.4,77,9,45,2,3,0,3,,,2,0,0,9.900804398,,1,1,2.944178241,78,4,4,,2,0,1,0,42,2,5,7.557990628,-6.365231481,2,,
170,177,SI01,28853,0,1006.5,71.58952437,96.2,82,0,50,2,5,3,2,60.66861111,-0.668607253,,,,,,,,,33,,,,2,0,8,0,15,2,0,15.9939591,-23.2646412,5,2,0.024131944
171,178,SI05,39594,2.5,1251.1,75.48761488,93.6,139,0,62,5,8,4,4,60.57495081,-0.575240162,1,1,0,115.8328356,-70.83283565,,,,35,2,1,0.018206019,1,0,6,0,16,3,0,14.75,-2.166469907,4,,
172,179,SI07,24357,0,1140.9,58.1653677,95.6,116,3,25,3,5,4,1,60.67549479,-0.675491898,,,,,,,,,24,2,2,,,,5,0,27,2,2,9.128609259,-22.56768519,3,1,0.083078704
173,180,SI08,22484,0,1448,83.13537153,90.6,60,2,17,3,,,,,,,,,,,,,,32,,,,1,0,,,19,1,1,8.411606969,-8.501863426,1,,
174,181,SI11,24574,0,1195.5,59.04667645,93.7,53,0,45,4,5,4,0,51.38406713,-0.770653935,,,,,,,,,30,3,2,9.073240741,1,0,4,0,16,3,4,9.481915509,-10.83325231,2,2,0.081215278
175,182,SI12,30042,5.3,2083.8,76.5406428,88.7,65,1,50,3,2,1,1,,,2,0,0,12.52016782,,1,1,0.331342593,67,3,2,,2,2,7,0,42,4,10,11.0387132,-26.41178241,3,1,0.358298611
176,183,SI14,15394,6.1,1391.3,58.30531708,91.8,48,1,24,2,3,2,2,60.83501157,-0.835011574,,,,,,,,,26,2,1,6.728784722,,,1,0,16,3,4,18.83323578,-17.5722338,,,
177,184,SI22,32841,10,2690.6,78.85118896,88.8,150,6,41,2,4,4,0,60.51349826,-0.514493634,4,1,0,31.58690683,-24.40355324,,,,67,4,2,7.121105324,1,0,3,0,34,2,5,9.26780268,-32.08501157,5,,
178,185,SI24,31472,0,1179,82.97355,91.8,133,0,50,3,5,3,2,60.41372299,-0.413722994,3,3,0,86.66068287,-56.66068287,,,,41,3,1,3.529976852,2,0,5,0,8,1,0,17.16666667,,1,,
179,186,SI25,21575,0,1184.3,61.21176358,95.1,59,1,52,1,2,2,0,60.41733218,-0.417332176,1,1,0,74.10085648,-44.10085648,,,,21,1,0,8.143773148,,,2,0,13,2,2,14.18171811,-38.82726852,,,
180,187,SI28,19229,0,1627.8,87.64553611,87.9,88,2,19,5,4,3,1,60.59648534,-4.894421296,,,,,,,,,29,2,0,6.579623843,,,,,24,6,4,16.11561393,-8.013645833,1,1,0.116550926
181,188,SI32,21050,0,1118.1,64.49100713,96.2,76,0,28,1,2,2,0,60.66015625,-0.66015625,,,,,,,,,10,1,0,0.963865741,1,0,2,0,9,2,0,7,,2,2,
182,189,SI35,18313,0,1609.1,79.43557138,89.1,70,1,21,6,4,2,2,60.69957755,-0.699577546,,,,,,,,,38,2,2,,,,1,0,15,0,1,2.987642196,,2,1,0.190729167
183,190,SI36,25007,3.8,1620,62.00161288,92.5,90,1,48,4,5,4,1,60.61194155,-0.612161458,6,2,0,37.10008295,-43.39631366,1,1,,39,1,1,,,,4,0,41,10,5,21.74674428,-25.49027006,3,,
184,191,SI37,26596,8.1,2097.5,83.7080044,85,83,2,58,3,7,4,3,60.50944734,-0.509447338,2,0,0,4.254791667,,,,,82,6,3,4.269857253,4,0,4,0,31,1,8,11.65926604,-9.199247685,,2,0.165173611
185,192,SI45,20461,0,1317.8,82.1846701,93.9,86,1,38,4,14,13,1,60.78071373,-0.780807292,1,0,0,35.94829861,,,,,39,,,,1,0,3,0,20,3,3,18.05321065,-16.99043981,1,2,0.143611111
186,193,SI48,25602,0,1195,86.30028969,96.4,83,0,21,,1,1,0,60.35277778,-0.352777778,,,,,,,,,14,,,,,,,,11,2,0,12.46054514,-5.980972222,3,,
187,194,SI54,44078,0,1041.5,77.53109054,94.5,203,0,52,6,5,4,1,60.67287326,-0.672873264,,,,,,,,,46,1,1,,1,0,5,0,23,8,0,27.92274358,-38.00060351,5,2,0.052118056
